region_id,date,lat,lon,hcho_value,cloud_fraction
delhi_ncr,2026-07-17,28.375,76.975,0.0002095505283386,0.2444397544881724
delhi_ncr,2026-07-17,28.375,77.025,0.0002298581872794,0.2393618912928014
delhi_ncr,2026-07-17,28.375,77.075,0.0002450101487629,0.2321951198963145
delhi_ncr,2026-07-17,28.375,77.125,0.0001334440522922,0.23783631252257
delhi_ncr,2026-07-17,28.375,77.175,3.5115752854021046e-05,0.2259857094265804
delhi_ncr,2026-07-17,28.375,77.225,0.0001468275575568,0.2055096448232121
delhi_ncr,2026-07-17,28.375,77.275,0.0002393171075227,0.2009410521715748
delhi_ncr,2026-07-17,28.375,77.325,0.0002605884549194,0.2172250064379163
delhi_ncr,2026-07-17,28.375,77.375,0.0001669473608475,0.2557943677924898
delhi_ncr,2026-07-17,28.375,77.425,0.0001669473608475,0.2557943677924898
delhi_ncr,2026-07-17,28.425,76.975,0.0002095505283386,0.2444397544881724
delhi_ncr,2026-07-17,28.425,77.025,0.0003103753312169,0.2425567578240669
delhi_ncr,2026-07-17,28.425,77.075,0.0003569500350783,0.2432931755277305
delhi_ncr,2026-07-17,28.425,77.125,0.0001854952214816,0.2577775156224769
delhi_ncr,2026-07-17,28.425,77.175,0.0001675357036789,0.2599186079805352
delhi_ncr,2026-07-17,28.425,77.225,0.0001663643083326,0.248668815055892
delhi_ncr,2026-07-17,28.425,77.275,0.0001805190880075,0.2347743422440526
delhi_ncr,2026-07-17,28.425,77.325,0.0002236752859096,0.212479392509442
delhi_ncr,2026-07-17,28.425,77.375,0.0001669473608475,0.2557943677924898
delhi_ncr,2026-07-17,28.425,77.425,0.0001669473608475,0.2557943677924898
delhi_ncr,2026-07-17,28.475,76.975,0.0002037243539234,0.2928395867347633
delhi_ncr,2026-07-17,28.475,77.025,0.0003511881493707,0.2672787803082181
delhi_ncr,2026-07-17,28.475,77.075,0.0003908281655152,0.2576935460734411
delhi_ncr,2026-07-17,28.475,77.125,0.0002044561039142,0.2714240648229644
delhi_ncr,2026-07-17,28.475,77.175,0.0002819855215986,0.286181190662544
delhi_ncr,2026-07-17,28.475,77.225,0.0002180545524778,0.2891661271579274
delhi_ncr,2026-07-17,28.475,77.275,0.0001536291558361,0.2900660040074949
delhi_ncr,2026-07-17,28.525,76.825,0.0002305084890386,0.2753753288421033
delhi_ncr,2026-07-17,28.525,76.875,0.0002190030143279,0.2742498445676788
delhi_ncr,2026-07-17,28.525,76.925,0.0001789722521581,0.2329651174229068
delhi_ncr,2026-07-17,28.525,76.975,0.0002021794118856,0.289839131369951
delhi_ncr,2026-07-17,28.525,77.025,0.0002253483610621,0.2826289168646669
delhi_ncr,2026-07-17,28.525,77.075,0.0002455640708405,0.2693178659287789
delhi_ncr,2026-07-17,28.525,77.125,0.0001451671527898,0.2637198815688
delhi_ncr,2026-07-17,28.525,77.175,0.0002924396564349,0.2869074014773811
delhi_ncr,2026-07-17,28.525,77.225,0.0003151925480556,0.2900367355556957
delhi_ncr,2026-07-17,28.575,76.825,0.0002286504620667,0.275193573617662
delhi_ncr,2026-07-17,28.575,76.875,0.0002190030143279,0.2742498445676788
delhi_ncr,2026-07-17,28.575,76.925,0.0001827018262733,0.2368115205730409
delhi_ncr,2026-07-17,28.575,76.975,0.0001653617082266,0.2166976363669679
delhi_ncr,2026-07-17,28.575,77.025,0.0001471865291931,0.2152213650667565
delhi_ncr,2026-07-17,28.575,77.075,0.0001388172182012,0.2292438756715364
delhi_ncr,2026-07-17,28.575,77.125,0.0001941460752317,0.2455762906041751
delhi_ncr,2026-07-17,28.575,77.175,0.0001031730531486,0.2796608371570774
delhi_ncr,2026-07-17,28.575,77.225,9.026907838505584e-05,0.2844955246113897
delhi_ncr,2026-07-17,28.625,76.825,0.0001749227466979,0.1915056697203068
delhi_ncr,2026-07-17,28.625,76.875,0.0002256490953845,0.1856729620265708
delhi_ncr,2026-07-17,28.625,76.925,0.0002467041917741,0.186240294615904
delhi_ncr,2026-07-17,28.625,76.975,0.0002499517901388,0.1844023636963012
delhi_ncr,2026-07-17,28.625,77.025,0.0002190332326167,0.1920396466019291
delhi_ncr,2026-07-17,28.625,77.075,0.0001972607975228,0.2133377164448186
delhi_ncr,2026-07-17,28.625,77.125,0.0003785150297397,0.2699726244968093
delhi_ncr,2026-07-17,28.625,77.175,0.0003479288195981,0.2797884137613314
delhi_ncr,2026-07-17,28.625,77.225,0.0003437633958961,0.2810506512594304
delhi_ncr,2026-07-17,28.675,76.825,0.000186349469182,0.1584069295997314
delhi_ncr,2026-07-17,28.675,76.875,0.0002530818457538,0.1548609388368415
delhi_ncr,2026-07-17,28.675,76.925,0.0002913798554319,0.182160423303753
delhi_ncr,2026-07-17,28.675,76.975,0.0002965049240573,0.1859865338834861
delhi_ncr,2026-07-17,28.675,77.025,0.0002469083813308,0.1943195859535954
delhi_ncr,2026-07-17,28.675,77.075,0.000185776133657,0.2148450955327958
delhi_ncr,2026-07-17,28.675,77.125,0.0003051292988841,0.2746627663891414
delhi_ncr,2026-07-17,28.675,77.175,0.0003925369664578,0.2788595948685984
delhi_ncr,2026-07-17,28.675,77.225,0.0004176992385035,0.2800458965317756
delhi_ncr,2026-07-17,28.725,76.825,0.0001932018590257,0.1545083033426449
delhi_ncr,2026-07-17,28.725,76.875,0.0002667772269372,0.1540062087696162
delhi_ncr,2026-07-17,28.725,76.925,0.0002929070701463,0.1984279936457778
delhi_ncr,2026-07-17,28.725,76.975,0.0002976996705842,0.2028201268024406
delhi_ncr,2026-07-17,28.725,77.025,0.0002477781349953,0.2084417148132665
delhi_ncr,2026-07-17,28.725,77.075,0.0001709205783894,0.2242201427420654
delhi_ncr,2026-07-17,28.725,77.125,0.0002008251759592,0.2722843982049322
delhi_ncr,2026-07-17,28.725,77.175,0.0002005588281048,0.2722877473929267
delhi_ncr,2026-07-17,28.775,76.825,0.0001389793701522,0.1694607967842507
delhi_ncr,2026-07-17,28.775,76.875,0.0002366717790719,0.1660874590951785
delhi_ncr,2026-07-17,28.775,76.925,0.0002257292377936,0.2173992123905594
delhi_ncr,2026-07-17,28.775,76.975,0.0002393474624361,0.2227768678876775
delhi_ncr,2026-07-17,28.775,77.025,0.0002288810010336,0.2252303418191018
delhi_ncr,2026-07-17,28.775,77.075,0.0002052884778752,0.2345903912559964
delhi_ncr,2026-07-17,28.775,77.125,0.0002434408326634,0.2717485281258091
delhi_ncr,2026-07-17,28.775,77.175,0.0002434408326634,0.2717485281258091
delhi_ncr,2026-07-17,28.825,76.825,0.0001510854572825,0.159438368705944
delhi_ncr,2026-07-17,28.825,76.875,0.0001697771682064,0.1666974818835513
delhi_ncr,2026-07-17,28.825,76.925,0.0002715519939028,0.2232779517061193
delhi_ncr,2026-07-17,28.825,76.975,0.000298256644256,0.2286764182090377
delhi_ncr,2026-07-17,28.825,77.025,0.0002807772663599,0.2299162781569578
delhi_ncr,2026-07-17,28.825,77.075,0.0002404735218144,0.2327074890590436
delhi_ncr,2026-07-17,28.825,77.125,0.0002454011484002,0.2361012934677894
delhi_ncr,2026-07-17,28.825,77.175,0.0002454011484002,0.2361012934677894
delhi_ncr,2026-07-17,28.875,76.825,0.0002144856426687,0.1257870751077669
delhi_ncr,2026-07-17,28.875,76.875,0.0001923303813922,0.140971548858862
delhi_ncr,2026-07-17,28.875,76.925,0.0001552777495743,0.1714680920892983
delhi_ncr,2026-07-17,28.875,76.975,0.0001817086674999,0.1780937910481411
delhi_ncr,2026-07-17,28.875,77.025,0.0001739562710271,0.1820717026226633
delhi_ncr,2026-07-17,28.875,77.075,0.0001431181374358,0.1881764154039484
delhi_ncr,2026-07-17,28.875,77.125,0.0002051721484182,0.2129763335820346
delhi_ncr,2026-07-17,28.875,77.175,0.000162843392084,0.2483539407703869
delhi_ncr,2026-07-17,28.875,77.225,0.0001548286634965,0.2551200623299371
delhi_ncr,2026-07-18,28.625,77.175,0.0002108944354107,0.2836279652454008
delhi_ncr,2026-07-18,28.625,77.225,0.0002785867347963,0.2769743905708576
delhi_ncr,2026-07-18,28.625,77.275,0.0003327487171569,0.2788334271750908
delhi_ncr,2026-07-18,28.625,77.325,0.0003545017814133,0.289754735390062
delhi_ncr,2026-07-18,28.675,77.175,0.0002490364734714,0.2715199501872349
delhi_ncr,2026-07-18,28.675,77.225,0.0002493252832682,0.2645435034664907
delhi_ncr,2026-07-18,28.675,77.275,0.0002693272990175,0.2654700890167604
delhi_ncr,2026-07-18,28.675,77.325,0.0003043303511731,0.274718079475156
delhi_ncr,2026-07-18,28.725,77.075,0.0002228128210992,0.2799606232971048
delhi_ncr,2026-07-18,28.725,77.125,0.0002228128210992,0.2799606232971048
delhi_ncr,2026-07-18,28.725,77.175,0.0002880258781384,0.2560058134218453
delhi_ncr,2026-07-18,28.725,77.225,0.0002399738923765,0.2562158523239197
delhi_ncr,2026-07-18,28.725,77.275,0.0002228621115035,0.2580080233096035
delhi_ncr,2026-07-18,28.725,77.325,0.0002575036829489,0.2606838672879102
delhi_ncr,2026-07-18,28.775,77.075,0.0002228128210992,0.2799606232971048
delhi_ncr,2026-07-18,28.775,77.125,0.0002228128210992,0.2799606232971048
delhi_ncr,2026-07-18,28.775,77.175,0.0002953620815662,0.2457483871219857
delhi_ncr,2026-07-18,28.775,77.225,0.0002934645335715,0.2663410588787568
delhi_ncr,2026-07-18,28.775,77.275,0.0002858315048769,0.2822766065078736
delhi_ncr,2026-07-18,28.825,77.075,0.0002868072910738,0.2613731212612614
delhi_ncr,2026-07-18,28.825,77.125,0.0002868072910738,0.2613731212612614
delhi_ncr,2026-07-18,28.825,77.175,0.0003374797366497,0.2450065408334824
delhi_ncr,2026-07-18,28.825,77.225,0.0002834449556464,0.2627829582379019
delhi_ncr,2026-07-18,28.825,77.275,0.0002451036784743,0.2753695332561611
delhi_ncr,2026-07-18,28.875,76.825,0.0004326748893733,0.2954431771689768
delhi_ncr,2026-07-18,28.875,76.875,0.0004326748893733,0.2954431771689768
delhi_ncr,2026-07-18,28.875,76.925,0.0004326748893733,0.2954431771689768
delhi_ncr,2026-07-18,28.875,77.075,0.0002868072910738,0.2613731212612614
delhi_ncr,2026-07-18,28.875,77.125,0.0002868072910738,0.2613731212612614
delhi_ncr,2026-07-18,28.875,77.175,0.0003376112167888,0.2449640743559843
delhi_ncr,2026-07-18,28.875,77.225,0.0002824400431399,0.2631128483089449
delhi_ncr,2026-07-18,28.875,77.275,0.0002451036784743,0.2753695332561611
delhi_ncr,2026-07-22,28.375,76.825,0.0001653969565892,0.2678049834106876
delhi_ncr,2026-07-22,28.375,76.875,0.0002007766348331,0.2805820338696665
delhi_ncr,2026-07-22,28.375,76.925,0.0001174345642228,0.2889165446263661
delhi_ncr,2026-07-22,28.375,76.975,7.613530327742065e-05,0.2916752581120185
delhi_ncr,2026-07-22,28.375,77.025,5.8552219589447535e-05,0.2926997886031626
delhi_ncr,2026-07-22,28.425,76.825,0.000262546840582,0.2646888587368278
delhi_ncr,2026-07-22,28.425,76.875,0.0002731101997789,0.27216222164125
delhi_ncr,2026-07-22,28.425,76.925,0.0001698357239625,0.28850480129752
delhi_ncr,2026-07-22,28.425,76.975,0.0001417835722947,0.2912832351537727
delhi_ncr,2026-07-22,28.425,77.025,0.0001315947710736,0.2918767073130724
delhi_ncr,2026-07-22,28.475,76.825,0.0003011583356248,0.2662390246361895
delhi_ncr,2026-07-22,28.475,76.875,0.0003128724155824,0.2669220443549146
delhi_ncr,2026-07-22,28.475,76.925,0.000214529134886,0.2889364648827531
delhi_ncr,2026-07-22,28.475,76.975,0.0002025109272356,0.2916040808528343
delhi_ncr,2026-07-22,28.475,77.025,0.0002011115979232,0.2919046575836863
delhi_ncr,2026-07-22,28.525,76.825,0.0002018213134755,0.2773358261567085
delhi_ncr,2026-07-22,28.525,76.875,0.0002776120672934,0.2726963758468928
delhi_ncr,2026-07-22,28.525,76.925,0.0002079720770369,0.2903307257160177
delhi_ncr,2026-07-22,28.525,76.975,0.000201058196601,0.292082307209916
delhi_ncr,2026-07-22,28.525,77.025,0.0002010585933229,0.2920826628791777
delhi_ncr,2026-07-22,28.575,76.825,0.0001973422644372,0.2891844488972747
delhi_ncr,2026-07-22,28.625,76.825,0.0001973422644372,0.2891844488972747
delhi_ncr,2026-07-22,28.825,77.025,0.0001891703907882,0.2990852940486989
delhi_ncr,2026-07-22,28.825,77.075,0.0001893421409588,0.2968276299796402
delhi_ncr,2026-07-22,28.825,77.125,0.0001904871420959,0.2817765361859157
delhi_ncr,2026-07-22,28.825,77.175,0.0001862447886316,0.2761367675807404
delhi_ncr,2026-07-22,28.825,77.225,0.0001856430363672,0.2753368004027013
delhi_ncr,2026-07-22,28.875,76.975,0.0001852602968591,0.2386438455696871
delhi_ncr,2026-07-22,28.875,77.025,0.0001995121394552,0.2277055933279217
delhi_ncr,2026-07-22,28.875,77.075,0.0002075969289816,0.2169621747731009
delhi_ncr,2026-07-22,28.875,77.125,0.000146765106455,0.2329484731369434
delhi_ncr,2026-07-22,28.875,77.175,0.0001410392515283,0.2331494419846212
delhi_ncr,2026-07-22,28.875,77.225,0.0001446419604483,0.253243395165249
delhi_ncr,2026-07-22,28.875,77.275,0.0001396135935308,0.2763113656265453
delhi_ncr,2026-07-22,28.875,77.325,0.0001233025609982,0.2872779109305826
delhi_ncr,2026-07-23,28.375,76.825,6.091750122432984e-05,0.2333149529862426
delhi_ncr,2026-07-23,28.375,76.875,6.849118654601936e-05,0.2273784360851274
delhi_ncr,2026-07-23,28.375,76.925,0.000117295574076,0.2577428664473036
delhi_ncr,2026-07-23,28.375,76.975,0.0001326902605461,0.2556002239412568
delhi_ncr,2026-07-23,28.375,77.025,0.0001614476763538,0.2409853545159356
delhi_ncr,2026-07-23,28.425,76.825,6.898159233480985e-05,0.2550299149324543
delhi_ncr,2026-07-23,28.425,76.875,6.719060288620628e-05,0.2361238615989786
delhi_ncr,2026-07-23,28.425,76.925,0.0001043268846725,0.2601865607553278
delhi_ncr,2026-07-23,28.425,76.975,0.0001128782013544,0.2656786968430063
delhi_ncr,2026-07-23,28.475,76.825,8.606248977974595e-05,0.2611093940373039
delhi_ncr,2026-07-23,28.475,76.875,8.394107842385715e-05,0.2396381145437368
delhi_ncr,2026-07-23,28.475,76.925,8.394107842385715e-05,0.2396381145437368
delhi_ncr,2026-07-23,28.825,77.075,9.34332778619912e-05,0.1948559234930747
delhi_ncr,2026-07-23,28.825,77.125,9.34332778619912e-05,0.1948559234930747
delhi_ncr,2026-07-23,28.825,77.175,9.983685491235484e-05,0.259189156892473
delhi_ncr,2026-07-23,28.825,77.225,0.0001007451637138,0.268314438225721
delhi_ncr,2026-07-23,28.825,77.275,0.0002139200822324,0.2274125683113866
delhi_ncr,2026-07-23,28.825,77.325,0.0002139200822324,0.2274125683113866
delhi_ncr,2026-07-23,28.825,77.475,0.0002475815140599,0.2792479709598262
delhi_ncr,2026-07-23,28.825,77.525,0.0002475815140599,0.2792479709598262
delhi_ncr,2026-07-23,28.875,76.925,0.0002169146418204,0.2460666957377831
delhi_ncr,2026-07-23,28.875,76.975,0.0001919605909626,0.2172515889968165
delhi_ncr,2026-07-23,28.875,77.025,0.0001457398485998,0.1825970017614226
delhi_ncr,2026-07-23,28.875,77.075,8.907829546202293e-05,0.1538483597660619
delhi_ncr,2026-07-23,28.875,77.125,6.372269600606775e-05,0.1608415435707978
delhi_ncr,2026-07-23,28.875,77.175,0.0001203641331414,0.2325776132424844
delhi_ncr,2026-07-23,28.875,77.225,0.0001188714270781,0.2449683694077752
delhi_ncr,2026-07-23,28.875,77.275,0.0001161676315307,0.2449204261253847
delhi_ncr,2026-07-23,28.875,77.325,0.0001157156191845,0.245094790516166
delhi_ncr,2026-07-23,28.875,77.375,7.296707281056106e-06,0.2839757204055428
delhi_ncr,2026-07-23,28.875,77.425,8.28631453984767e-06,0.2845074890081374
delhi_ncr,2026-07-23,28.875,77.475,8.707709132528474e-05,0.2828419455602033
delhi_ncr,2026-07-23,28.875,77.525,0.0002475815140599,0.2792479709598262
delhi_ncr,2026-07-24,28.375,76.925,0.0001065315271061,0.2684516263348446
delhi_ncr,2026-07-24,28.375,76.975,8.543573920794399e-05,0.1826673165652123
delhi_ncr,2026-07-24,28.375,77.025,0.0001422241719821,0.1775062072369377
delhi_ncr,2026-07-24,28.375,77.075,0.0002505101058359,0.2440382872248911
delhi_ncr,2026-07-24,28.375,77.225,0.0001024179833041,0.1769887748687618
delhi_ncr,2026-07-24,28.375,77.275,0.0001003204181858,0.1743315531684809
delhi_ncr,2026-07-24,28.375,77.325,9.988808802358417e-05,0.1852050415709799
delhi_ncr,2026-07-24,28.375,77.375,0.0001055794753381,0.212279436326603
delhi_ncr,2026-07-24,28.375,77.425,8.595564877146797e-05,0.1208208458436478
delhi_ncr,2026-07-24,28.375,77.475,0.0001893183878998,0.0510618409333231
delhi_ncr,2026-07-24,28.375,77.525,0.0002364908883077,0.0882344116296626
delhi_ncr,2026-07-24,28.375,77.55,0.0001651849105619,0.2794646245966151
delhi_ncr,2026-07-24,28.425,77.325,0.0001048792073801,0.255444793668861
delhi_ncr,2026-07-24,28.425,77.375,0.0001046474789009,0.2561295190135489
delhi_ncr,2026-07-24,28.425,77.425,8.797223716267782e-05,0.1821809044448789
delhi_ncr,2026-07-24,28.425,77.475,0.0001006191634845,0.1571735721074691
delhi_ncr,2026-07-24,28.425,77.525,0.0001205043198201,0.1734915414457518
delhi_ncr,2026-07-24,28.425,77.55,0.0001651849105619,0.2794646245966151
delhi_ncr,2026-07-24,28.475,77.325,9.250373850002766e-05,0.2514566680182499
delhi_ncr,2026-07-24,28.475,77.375,9.22027183926996e-05,0.2494492897051186
delhi_ncr,2026-07-24,28.475,77.425,9.850688163867567e-05,0.217513595002938
delhi_ncr,2026-07-24,28.475,77.475,2.755520144796175e-05,0.2447032271373544
delhi_ncr,2026-07-24,28.475,77.525,-2.3064223132504035e-05,0.268003599331555
delhi_ncr,2026-07-24,28.525,77.325,8.091446436789661e-05,0.1741726029626936
delhi_ncr,2026-07-24,28.525,77.375,8.325330455380612e-05,0.1763876913885375
delhi_ncr,2026-07-24,28.525,77.425,9.88826039649767e-05,0.1950268302394314
delhi_ncr,2026-07-24,28.525,77.475,2.3405099988015487e-05,0.2474118895899002
delhi_ncr,2026-07-24,28.525,77.525,-3.1975603976227204e-05,0.2815874547160817
delhi_ncr,2026-07-24,28.575,77.325,0.0001744680718042,0.2627761399964496
delhi_ncr,2026-07-24,28.575,77.375,0.0001744680718042,0.2627761399964496
delhi_ncr,2026-07-24,28.575,77.425,0.0001744680718042,0.2627761399964496
delhi_ncr,2026-07-24,28.625,77.325,0.0001744680718042,0.2627761399964496
delhi_ncr,2026-07-24,28.625,77.375,0.0001744680718042,0.2627761399964496
delhi_ncr,2026-07-24,28.625,77.425,0.0001744680718042,0.2627761399964496
delhi_ncr,2026-07-25,28.375,76.825,8.532217978826946e-05,0.2987244040659824
delhi_ncr,2026-07-25,28.375,76.925,0.000140140949446,0.2975314806416098
delhi_ncr,2026-07-25,28.375,76.975,0.0001738793039194,0.2907628784930088
delhi_ncr,2026-07-25,28.375,77.025,0.0001688536017116,0.2060511971034942
delhi_ncr,2026-07-25,28.375,77.075,0.0001386923678673,0.10704438418712
delhi_ncr,2026-07-25,28.375,77.125,0.0001135640808707,0.2571240435829069
delhi_ncr,2026-07-25,28.375,77.175,0.0001135640808707,0.2571240435829069
delhi_ncr,2026-07-25,28.375,77.225,6.323801571968562e-05,0.2597274774611915
delhi_ncr,2026-07-25,28.375,77.275,4.890898763783164e-05,0.2371179743037526
delhi_ncr,2026-07-25,28.375,77.325,4.070593218747541e-05,0.1775472195485573
delhi_ncr,2026-07-25,28.375,77.375,0.0001681465560624,0.0421030373779496
delhi_ncr,2026-07-25,28.375,77.425,0.000127829708423,0.0340204894355433
delhi_ncr,2026-07-25,28.375,77.475,0.0001181338286116,0.0288616972799699
delhi_ncr,2026-07-25,28.375,77.525,0.0001180537049157,0.042223769039067
delhi_ncr,2026-07-25,28.375,77.55,0.0001481994726632,0.0506272160892159
delhi_ncr,2026-07-25,28.425,76.825,0.0001076436101586,0.143065094101259
delhi_ncr,2026-07-25,28.425,76.875,0.0001144192598966,0.1090228424364374
delhi_ncr,2026-07-25,28.425,76.925,0.0001726317442356,0.207885563508723
delhi_ncr,2026-07-25,28.425,76.975,0.0001855455665574,0.2044567795045852
delhi_ncr,2026-07-25,28.425,77.025,0.0001661033485326,0.167351283551096
delhi_ncr,2026-07-25,28.425,77.075,0.0001254037408275,0.1224313031272634
delhi_ncr,2026-07-25,28.425,77.125,9.227548798169288e-05,0.2138616075252204
delhi_ncr,2026-07-25,28.425,77.175,0.0001596445704589,0.1835244707217406
delhi_ncr,2026-07-25,28.425,77.225,0.0001086428198304,0.1346815301617449
delhi_ncr,2026-07-25,28.425,77.275,0.0001008114228006,0.1093725532558387
delhi_ncr,2026-07-25,28.425,77.325,0.0001260725722708,0.0817671900576836
delhi_ncr,2026-07-25,28.425,77.375,0.0001499774985298,0.0073769568260012
delhi_ncr,2026-07-25,28.425,77.425,0.0001565634514488,0.0081426965606098
delhi_ncr,2026-07-25,28.425,77.475,0.0001550728153369,0.0374309009393386
delhi_ncr,2026-07-25,28.425,77.525,0.000137944761098,0.0924664322512177
delhi_ncr,2026-07-25,28.425,77.55,0.0001057340263127,0.1565421737185757
delhi_ncr,2026-07-25,28.475,76.825,0.0001218104033089,0.0380141343659446
delhi_ncr,2026-07-25,28.475,76.875,0.0001165904556841,0.1066679229509142
delhi_ncr,2026-07-25,28.475,76.925,0.0002057517770913,0.1472898219320709
delhi_ncr,2026-07-25,28.475,76.975,0.0001801235653893,0.1504437934887412
delhi_ncr,2026-07-25,28.475,77.025,0.0001445531055794,0.1375762754440548
delhi_ncr,2026-07-25,28.475,77.075,0.0001139625962079,0.1227354993133325
delhi_ncr,2026-07-25,28.475,77.125,9.395306328232856e-05,0.1527582910894432
delhi_ncr,2026-07-25,28.475,77.175,0.00013505642979,0.1315292525349421
delhi_ncr,2026-07-25,28.475,77.225,0.0001246414351098,0.0510299365305558
delhi_ncr,2026-07-25,28.475,77.275,0.0001469822445413,0.0015421215223149
delhi_ncr,2026-07-25,28.475,77.325,0.0001967651642838,9.533625659577524e-05
delhi_ncr,2026-07-25,28.475,77.375,0.0001115674338255,4.978415633872627e-06
delhi_ncr,2026-07-25,28.475,77.425,0.0001493354199031,0.0079259926197066
delhi_ncr,2026-07-25,28.475,77.475,0.0001616389285355,0.07104380464079
delhi_ncr,2026-07-25,28.475,77.525,0.0001509268281408,0.1412301835436615
delhi_ncr,2026-07-25,28.475,77.55,0.0001083775769287,0.2198593619130013
delhi_ncr,2026-07-25,28.525,76.825,0.0001174889236897,0.0448390354135625
delhi_ncr,2026-07-25,28.525,76.875,0.000121527937163,0.1008481471668337
delhi_ncr,2026-07-25,28.525,76.925,0.0002227519366304,0.1674701674269151
delhi_ncr,2026-07-25,28.525,76.975,0.0001435455209566,0.1929975184380902
delhi_ncr,2026-07-25,28.525,77.025,0.0001036557501917,0.1649462602503549
delhi_ncr,2026-07-25,28.525,77.075,0.0001158869533581,0.0902453256189662
delhi_ncr,2026-07-25,28.525,77.125,0.0001020441824298,0.0010407011400008
delhi_ncr,2026-07-25,28.525,77.175,7.512502392659772e-05,0.002465912349304
delhi_ncr,2026-07-25,28.525,77.225,0.0001063976771966,0.0021164420099636
delhi_ncr,2026-07-25,28.525,77.275,0.0001538769209019,0.0015092792559785
delhi_ncr,2026-07-25,28.525,77.325,0.0001908476237319,1.6754283383225186e-06
delhi_ncr,2026-07-25,28.525,77.375,9.53740756132566e-05,1.7424454718554193e-05
delhi_ncr,2026-07-25,28.525,77.425,9.374219174886175e-05,0.0273140447866783
delhi_ncr,2026-07-25,28.525,77.475,0.0001031530400453,0.1243841253012952
delhi_ncr,2026-07-25,28.525,77.525,0.0001099803310896,0.1891627159904056
delhi_ncr,2026-07-25,28.575,76.825,7.949511940061678e-05,0.0207831398962797
delhi_ncr,2026-07-25,28.575,76.875,0.000102398125557,0.1034815414262006
delhi_ncr,2026-07-25,28.575,76.925,0.0001182410634594,0.2460960448914674
delhi_ncr,2026-07-25,28.575,76.975,0.0001273787121329,0.2542421256280858
delhi_ncr,2026-07-25,28.575,77.025,0.0001652101162701,0.1822859285161387
delhi_ncr,2026-07-25,28.575,77.075,0.0002224012081194,0.071430552704711
delhi_ncr,2026-07-25,28.575,77.125,0.0002540342373728,0.041628045600035
delhi_ncr,2026-07-25,28.575,77.175,0.0001819214935921,0.0915327694367467
delhi_ncr,2026-07-25,28.575,77.225,0.0001860046566044,0.0871621017614378
delhi_ncr,2026-07-25,28.575,77.275,0.0001949676778338,0.0799918005668627
delhi_ncr,2026-07-25,28.625,76.825,7.898616370825075e-05,0.0189453976400593
delhi_ncr,2026-07-25,28.625,76.875,0.000102398125557,0.1034815414262006
delhi_ncr,2026-07-25,28.625,76.925,0.000190488958203,0.2334833443258148
delhi_ncr,2026-07-25,28.625,76.975,0.0001525039886533,0.1938202252888241
delhi_ncr,2026-07-25,28.625,77.025,0.000193219147084,0.1981057938153859
delhi_ncr,2026-07-25,28.625,77.075,0.0002918962186023,0.2357543007467034
delhi_ncr,2026-07-25,28.625,77.125,0.0002540342373728,0.041628045600035
delhi_ncr,2026-07-25,28.625,77.175,0.0001808417913606,0.0922799638834745
delhi_ncr,2026-07-25,28.625,77.225,0.000185916311413,0.0872327767732123
delhi_ncr,2026-07-25,28.625,77.275,0.0001949676778338,0.0799918005668627
delhi_ncr,2026-07-25,28.675,76.925,0.0002027850051755,0.2213886636579614
delhi_ncr,2026-07-25,28.675,76.975,0.0001494225462646,0.2208747805727279
delhi_ncr,2026-07-25,28.675,77.025,0.0001662761029843,0.2368140151665221
delhi_ncr,2026-07-25,28.675,77.075,0.0003146081337496,0.2888280003008858
delhi_ncr,2026-07-25,28.725,76.925,0.0001928298434952,0.2143104996339296
delhi_ncr,2026-07-25,28.725,76.975,0.0001401742973033,0.2626361942274284
delhi_ncr,2026-07-25,28.725,77.025,0.0001114530902896,0.2889956640057005
delhi_ncr,2026-07-26,28.375,76.825,0.000163031724726,0.1507360013887042
delhi_ncr,2026-07-26,28.375,76.875,0.0001969989218704,0.1676644307793641
delhi_ncr,2026-07-26,28.375,76.925,0.0002325072122493,0.1536536074656019
delhi_ncr,2026-07-26,28.375,76.975,0.0001584086807146,0.1466002889463027
delhi_ncr,2026-07-26,28.375,77.025,0.0001225225478538,0.133160185131757
delhi_ncr,2026-07-26,28.375,77.075,0.0001149663023739,0.116009776074214
delhi_ncr,2026-07-26,28.375,77.125,2.1292042314000237e-06,0.1114799304950997
delhi_ncr,2026-07-26,28.375,77.175,0.0001660381312659,0.1407431647003432
delhi_ncr,2026-07-26,28.375,77.225,0.00020126377857,0.1845548646749566
delhi_ncr,2026-07-26,28.375,77.275,0.0002043552705731,0.2080877001349988
delhi_ncr,2026-07-26,28.375,77.325,0.0001978919167146,0.2074950067431125
delhi_ncr,2026-07-26,28.375,77.375,0.0002481624973465,0.2510019779340728
delhi_ncr,2026-07-26,28.375,77.425,0.0002481624973465,0.2510019779340728
delhi_ncr,2026-07-26,28.425,76.825,0.0001603126202395,0.1716422194612872
delhi_ncr,2026-07-26,28.425,76.875,0.0001623290890164,0.2173050531835284
delhi_ncr,2026-07-26,28.425,76.925,0.0001752602504753,0.188914343670653
delhi_ncr,2026-07-26,28.425,76.975,0.000166319116032,0.2009383623317586
delhi_ncr,2026-07-26,28.425,77.025,0.0001537755227119,0.1890493093489372
delhi_ncr,2026-07-26,28.425,77.075,0.0001118209538778,0.120780480967839
delhi_ncr,2026-07-26,28.425,77.125,-2.1496627141228558e-06,0.1124068103028513
delhi_ncr,2026-07-26,28.425,77.175,0.0001775132068482,0.1444161362483483
delhi_ncr,2026-07-26,28.425,77.225,0.0002189888798903,0.193340647392226
delhi_ncr,2026-07-26,28.425,77.275,0.0002202333424157,0.2190804184177473
delhi_ncr,2026-07-26,28.425,77.325,0.0002042495067884,0.2156433969958867
delhi_ncr,2026-07-26,28.475,76.825,0.0001363814294511,0.2562056731156925
delhi_ncr,2026-07-26,28.475,76.875,0.0001363814294511,0.2562056731156925
delhi_ncr,2026-07-26,28.475,76.925,0.0001290555700137,0.2200506352984035
delhi_ncr,2026-07-26,28.475,76.975,0.0001909407778346,0.2579014384009727
delhi_ncr,2026-07-26,28.475,77.025,0.0002148562213932,0.2736998937307779
delhi_ncr,2026-07-26,28.525,76.975,0.0002558026343643,0.2988264126353382
delhi_ncr,2026-07-26,28.525,77.025,0.0002558026343643,0.2988264126353382
delhi_ncr,2026-07-26,28.775,77.55,0.0003728904450548,0.2952155342045972
delhi_ncr,2026-07-26,28.825,77.525,0.0003728904450548,0.2952155342045972
delhi_ncr,2026-07-26,28.875,77.325,0.000283128862426,0.2082666467089127
delhi_ncr,2026-07-26,28.875,77.375,0.000283128862426,0.2082666467089127
delhi_ncr,2026-07-26,28.875,77.425,0.0001276349773007,0.2485574317773173
delhi_ncr,2026-07-26,28.875,77.475,0.0002207405919521,0.215249076652682
delhi_ncr,2026-07-26,28.875,77.525,0.0002624997907964,0.1960984983062389
delhi_ncr,2026-07-26,28.875,77.55,0.0002553859284036,0.2385648388956927
delhi_ncr,2026-07-27,28.725,77.225,0.0002349665838168,0.2724502831397191
delhi_ncr,2026-07-27,28.725,77.275,0.0002349665838168,0.2724502831397191
delhi_ncr,2026-07-27,28.775,77.225,0.0002349665838168,0.2724502831397191
delhi_ncr,2026-07-27,28.775,77.275,0.0002349665838168,0.2724502831397191
delhi_ncr,2026-07-27,28.825,77.075,0.000338317832602,0.2826245097241209
delhi_ncr,2026-07-27,28.825,77.125,0.000338317832602,0.2826245097241209
delhi_ncr,2026-07-27,28.825,77.175,0.000394055298028,0.259467224422786
delhi_ncr,2026-07-27,28.825,77.225,0.0002838379990248,0.233035981435731
delhi_ncr,2026-07-27,28.825,77.275,0.0002139066472147,0.2182909296058992
delhi_ncr,2026-07-27,28.825,77.325,0.0002210897790282,0.217848295307962
delhi_ncr,2026-07-27,28.875,77.025,0.0002227637230413,0.2657069830649276
delhi_ncr,2026-07-27,28.875,77.075,0.0002280643702689,0.2664830163979181
delhi_ncr,2026-07-27,28.875,77.125,0.000338317832602,0.2826245097241209
delhi_ncr,2026-07-27,28.875,77.175,0.0003941999204085,0.2594071380571884
delhi_ncr,2026-07-27,28.875,77.225,0.0002818991061055,0.2326560511558317
delhi_ncr,2026-07-27,28.875,77.275,0.0002137915776274,0.218298020349507
delhi_ncr,2026-07-27,28.875,77.325,0.0002210897790282,0.217848295307962
delhi_ncr,2026-07-29,28.375,76.825,0.000196480326729,0.171367947720056
delhi_ncr,2026-07-29,28.375,76.875,0.0001980455238232,0.1587829527206646
delhi_ncr,2026-07-29,28.375,76.925,0.0001169591161417,0.2827563089549039
delhi_ncr,2026-07-29,28.375,76.975,0.0001065267020357,0.2986553848053795
delhi_ncr,2026-07-29,28.425,76.825,0.0001828014965863,0.2142193087639314
delhi_ncr,2026-07-29,28.425,76.875,0.000157264262239,0.1778659371610965
delhi_ncr,2026-07-29,28.425,76.925,0.0001448466230966,0.2231503232336344
delhi_ncr,2026-07-29,28.425,76.975,0.0001440713531629,0.2267443588043741
delhi_ncr,2026-07-29,28.475,76.825,0.000156736043078,0.2319858063907976
delhi_ncr,2026-07-29,28.475,76.875,0.0001443096628617,0.1799864677942349
delhi_ncr,2026-07-29,28.475,76.925,0.000199165732261,0.1660645329380607
delhi_ncr,2026-07-29,28.475,76.975,0.0002042213005395,0.1647569137202093
delhi_ncr,2026-07-29,28.525,76.825,0.000118516928819,0.1915395837657471
delhi_ncr,2026-07-29,28.525,76.875,0.0001808148240545,0.1488277929366898
delhi_ncr,2026-07-29,28.525,76.925,0.0002658446389373,0.154585903942928
delhi_ncr,2026-07-29,28.525,76.975,0.0002674275000504,0.1580236537750071
delhi_ncr,2026-07-29,28.525,77.025,0.0001122108282457,0.2130939619735784
delhi_ncr,2026-07-29,28.575,76.825,0.0001373694234112,0.2763237142871454
delhi_ncr,2026-07-29,28.575,76.875,0.0001676292011994,0.1879355111752007
delhi_ncr,2026-07-29,28.575,76.925,0.0001081309238709,0.1732599908938154
delhi_ncr,2026-07-29,28.575,76.975,0.0001086022180474,0.198457448863463
delhi_ncr,2026-07-29,28.575,77.025,0.0001122108282457,0.2130939619735784
delhi_ncr,2026-07-29,28.625,76.825,0.0001424456973679,0.2856267300074621
delhi_ncr,2026-07-29,28.625,76.875,0.0001558875433804,0.2737539718373952
delhi_ncr,2026-07-29,28.625,76.925,0.0001957887826814,0.2361241414465901
delhi_ncr,2026-07-29,28.625,76.975,0.0001944064977311,0.2580740203602267
delhi_ncr,2026-07-29,28.625,77.025,0.000190642048743,0.2714336366005475
delhi_ncr,2026-07-29,28.675,76.825,0.0001525059459285,0.2984696885081072
delhi_ncr,2026-07-29,28.675,76.875,0.0001525059459285,0.2984696885081072
delhi_ncr,2026-07-29,28.675,76.925,0.00022125882971,0.2545275410279563
delhi_ncr,2026-07-29,28.675,76.975,0.0002185313291332,0.2749308008711869
delhi_ncr,2026-07-29,28.675,77.025,0.0002133458230975,0.2883214371504596
delhi_ncr,2026-07-29,28.875,77.075,0.0002210981932711,0.2963207525094683
delhi_ncr,2026-07-29,28.875,77.125,0.0002210981932711,0.2963207525094683
delhi_ncr,2026-07-29,28.875,77.175,0.0001455432778776,0.2677579320373981
delhi_ncr,2026-07-29,28.875,77.225,0.0001792963460251,0.2575959749471115
delhi_ncr,2026-07-29,28.875,77.275,0.0002069874928429,0.253815549384646
delhi_ncr,2026-07-30,28.375,76.825,4.2978529924607255e-05,0.2580047536041255
delhi_ncr,2026-07-30,28.375,76.875,4.297964324364403e-05,0.2580161443376965
delhi_ncr,2026-07-30,28.375,76.925,0.0001409353152294,0.1568315707573961
delhi_ncr,2026-07-30,28.375,76.975,8.598366712886277e-05,0.1820153018575734
delhi_ncr,2026-07-30,28.375,77.025,5.113643983782775e-05,0.2011370580586648
delhi_ncr,2026-07-30,28.375,77.075,0.0001670593244734,0.062464054849375
delhi_ncr,2026-07-30,28.375,77.125,0.0001671053220818,0.062523316889047
delhi_ncr,2026-07-30,28.375,77.175,0.0001652136845406,0.0535375843725664
delhi_ncr,2026-07-30,28.375,77.225,0.0001600955578822,0.1003246067624163
delhi_ncr,2026-07-30,28.375,77.275,0.0001443156116434,0.2550440574609168
delhi_ncr,2026-07-30,28.375,77.425,0.0001188099531141,0.2917542827393749
delhi_ncr,2026-07-30,28.375,77.475,0.0001189430984741,0.2916774906674251
delhi_ncr,2026-07-30,28.425,76.825,0.0001126472850271,0.2100205971126641
delhi_ncr,2026-07-30,28.425,76.875,-1.774304809428505e-05,0.1955658714598338
delhi_ncr,2026-07-30,28.425,76.925,0.0001725010369739,0.199211816995411
delhi_ncr,2026-07-30,28.425,76.975,0.0001148504562429,0.235178025440796
delhi_ncr,2026-07-30,28.425,77.025,0.0001015215059351,0.2607304555773704
delhi_ncr,2026-07-30,28.425,77.075,0.0001777840138505,0.2490001939956409
delhi_ncr,2026-07-30,28.425,77.125,0.000156211746096,0.1291985038089309
delhi_ncr,2026-07-30,28.425,77.175,0.0001593827660593,0.0740854633188314
delhi_ncr,2026-07-30,28.425,77.225,0.0001603866312791,0.0567216487972976
delhi_ncr,2026-07-30,28.425,77.325,8.361943101571445e-05,0.2228626083287439
delhi_ncr,2026-07-30,28.425,77.375,8.361943101571445e-05,0.2228626083287439
delhi_ncr,2026-07-30,28.425,77.425,0.0001077986161769,0.2824369604930939
delhi_ncr,2026-07-30,28.425,77.475,0.0001129515572768,0.2951331339051685
delhi_ncr,2026-07-30,28.475,76.825,0.0001217365256459,0.2052452882375262
delhi_ncr,2026-07-30,28.475,76.875,-6.737090039182276e-05,0.1513765312526065
delhi_ncr,2026-07-30,28.475,76.925,0.0002131853883813,0.2484542593981635
delhi_ncr,2026-07-30,28.475,76.975,0.0001653373915798,0.2776632437934171
delhi_ncr,2026-07-30,28.475,77.025,0.0001459293649648,0.2869109269936615
delhi_ncr,2026-07-30,28.475,77.075,0.0001792003076138,0.268495918904748
delhi_ncr,2026-07-30,28.475,77.125,0.0001507236406071,0.1890805337235294
delhi_ncr,2026-07-30,28.475,77.175,0.0001507236406071,0.1890805337235294
delhi_ncr,2026-07-30,28.475,77.275,8.592580991020806e-05,0.2316210918270613
delhi_ncr,2026-07-30,28.475,77.325,8.543792206714211e-05,0.2297683357024172
delhi_ncr,2026-07-30,28.475,77.375,8.361943101571445e-05,0.2228626083287439
delhi_ncr,2026-07-30,28.475,77.425,8.361943101571445e-05,0.2228626083287439
delhi_ncr,2026-07-30,28.525,76.825,0.0001491298310618,0.0943471312360656
delhi_ncr,2026-07-30,28.525,76.875,0.0001694214863811,0.1405483795579423
delhi_ncr,2026-07-30,28.525,76.925,0.0002444372679087,0.2838803436016437
delhi_ncr,2026-07-30,28.525,76.975,0.0001999239186147,0.291546163265181
delhi_ncr,2026-07-30,28.525,77.025,0.0001745915847443,0.295792866519396
delhi_ncr,2026-07-30,28.525,77.275,8.592580991020806e-05,0.2316210918270613
delhi_ncr,2026-07-30,28.525,77.325,8.592580991020806e-05,0.2316210918270613
delhi_ncr,2026-07-30,28.525,77.525,0.0001363645781394,0.2892889942859654
delhi_ncr,2026-07-30,28.525,77.55,0.0001363645781394,0.2892889942859654
delhi_ncr,2026-07-30,28.575,76.825,0.0001524067443432,0.1018082023936357
delhi_ncr,2026-07-30,28.575,76.875,0.0001694214863811,0.1405483795579423
delhi_ncr,2026-07-30,28.575,76.925,0.0001309199825818,0.269929405138415
delhi_ncr,2026-07-30,28.575,76.975,0.0001269643486299,0.2832219762596965
delhi_ncr,2026-07-30,28.575,77.525,0.0001363645781394,0.2892889942859654
delhi_ncr,2026-07-30,28.625,76.825,0.0002769280983541,0.0761937078116633
delhi_ncr,2026-07-30,28.625,76.875,0.0002756387393148,0.1088158051834002
delhi_ncr,2026-07-30,28.625,76.925,0.0001716300075252,0.2311577748221843
delhi_ncr,2026-07-30,28.625,76.975,0.0001269643486299,0.2832219762596965
delhi_ncr,2026-07-30,28.625,77.025,0.0002409218379458,0.2919852245726005
delhi_ncr,2026-07-30,28.625,77.075,0.0002327383553311,0.269022534438451
delhi_ncr,2026-07-30,28.625,77.125,0.0001774998476818,0.1140243760329415
delhi_ncr,2026-07-30,28.625,77.175,0.0001764766634819,0.0907425054021039
delhi_ncr,2026-07-30,28.625,77.225,0.0001763358583168,0.0875385782510712
delhi_ncr,2026-07-30,28.625,77.475,0.0001625952784872,0.1799964148820632
delhi_ncr,2026-07-30,28.625,77.525,0.0001689078619623,0.1909595837174244
delhi_ncr,2026-07-30,28.625,77.55,0.0001638652007554,0.2369651823595954
delhi_ncr,2026-07-30,28.675,76.825,0.0003165425965735,0.0631916507010843
delhi_ncr,2026-07-30,28.675,76.875,0.0003043650424228,0.1067060151737569
delhi_ncr,2026-07-30,28.675,76.925,0.0003044211950052,0.1064942925409187
delhi_ncr,2026-07-30,28.675,77.025,0.0001945237935117,0.2853630900110966
delhi_ncr,2026-07-30,28.675,77.075,0.0001898775151888,0.2643172970199441
delhi_ncr,2026-07-30,28.675,77.125,0.0001555319315985,0.1169183609378672
delhi_ncr,2026-07-30,28.675,77.175,0.0002097031060684,0.1304011885296252
delhi_ncr,2026-07-30,28.675,77.225,0.0002172634657136,0.1323829405645951
delhi_ncr,2026-07-30,28.675,77.475,0.0001427162711851,0.1860287337283421
delhi_ncr,2026-07-30,28.675,77.525,0.0001733395358524,0.1798982929847365
delhi_ncr,2026-07-30,28.675,77.55,0.0002354377703481,0.1677572262285223
delhi_ncr,2026-07-30,28.725,76.825,0.0003074763061156,0.0706821338722585
delhi_ncr,2026-07-30,28.725,76.875,0.0002821481341971,0.1155156642530099
delhi_ncr,2026-07-30,28.725,76.925,0.000241477357894,0.1682167660794282
delhi_ncr,2026-07-30,28.725,76.975,0.0002540146071909,0.2462191575651245
delhi_ncr,2026-07-30,28.725,77.025,0.0001926121674303,0.2781343095156168
delhi_ncr,2026-07-30,28.725,77.075,0.0001489913945563,0.2590476754827603
delhi_ncr,2026-07-30,28.725,77.125,0.000134887383954,0.1196380094027371
delhi_ncr,2026-07-30,28.725,77.175,0.0002404130497035,0.1675186662632566
delhi_ncr,2026-07-30,28.725,77.225,0.0002556330976481,0.1744245302335238
delhi_ncr,2026-07-30,28.725,77.475,0.0001240797018393,0.1916840326467286
delhi_ncr,2026-07-30,28.725,77.525,0.0001750189506118,0.178309015215691
delhi_ncr,2026-07-30,28.725,77.55,0.0002795097173247,0.1508730820238192
delhi_ncr,2026-07-30,28.775,76.825,0.00026787670769,0.109171316412505
delhi_ncr,2026-07-30,28.775,76.875,0.0002222507264308,0.1219661118667791
delhi_ncr,2026-07-30,28.775,76.925,0.0002246176149772,0.1821106910590292
delhi_ncr,2026-07-30,28.775,76.975,0.0002534579550274,0.245113078430047
delhi_ncr,2026-07-30,28.775,77.025,0.0002691314020894,0.2762565355225284
delhi_ncr,2026-07-30,28.825,76.825,0.000111112201138,0.2604672719681834
delhi_ncr,2026-07-30,28.825,76.875,0.0001753715329289,0.2156474158354295
delhi_ncr,2026-07-30,28.825,76.925,0.0002081279624294,0.1829304119792451
delhi_ncr,2026-07-30,28.825,76.975,0.0002761464026884,0.1854223862198006
delhi_ncr,2026-07-30,28.825,77.025,0.0003115812494094,0.1886304504931764
delhi_ncr,2026-07-30,28.825,77.175,0.0002185936796469,0.2756747038909694
delhi_ncr,2026-07-30,28.825,77.225,0.0002185936796469,0.2756747038909694
delhi_ncr,2026-07-30,28.875,76.825,0.0001102316102949,0.2610814699966692
delhi_ncr,2026-07-30,28.875,76.875,0.0001753715329289,0.2156474158354295
delhi_ncr,2026-07-30,28.875,76.925,0.0002087842128149,0.182274951456784
delhi_ncr,2026-07-30,28.875,76.975,0.0002765504842738,0.1854589694088829
delhi_ncr,2026-07-30,28.875,77.025,0.0003115812494094,0.1886304504931764
delhi_ncr,2026-07-30,28.875,77.075,0.0001571583055834,0.2315787204107914
delhi_ncr,2026-07-30,28.875,77.125,0.0001571583055834,0.2315787204107914
delhi_ncr,2026-07-30,28.875,77.175,0.0002037619617408,0.249539284320687
delhi_ncr,2026-07-30,28.875,77.225,0.0002085949287351,0.2511436278199275
delhi_ncr,2026-07-31,28.375,77.075,0.0002705617972371,0.2129487302598869
delhi_ncr,2026-07-31,28.375,77.125,0.0002705153619681,0.2130968032366983
delhi_ncr,2026-07-31,28.375,77.175,0.0001889005259372,0.2509118053176564
delhi_ncr,2026-07-31,28.375,77.225,0.0001634956737022,0.2474648430193699
delhi_ncr,2026-07-31,28.375,77.275,0.0001596145140042,0.2292451344001902
delhi_ncr,2026-07-31,28.375,77.325,0.0001748129173294,0.2071450394741337
delhi_ncr,2026-07-31,28.375,77.375,0.0002375572171134,0.2139835171688109
delhi_ncr,2026-07-31,28.375,77.425,0.0002242343991803,0.2080894252011979
delhi_ncr,2026-07-31,28.375,77.475,0.0001778845539241,0.2149061778099015
delhi_ncr,2026-07-31,28.375,77.525,0.0001433204986036,0.23483154794924
delhi_ncr,2026-07-31,28.375,77.55,0.0001295816712771,0.2129636352209272
delhi_ncr,2026-07-31,28.425,77.025,0.0002808014493275,0.2632295008053131
delhi_ncr,2026-07-31,28.425,77.075,0.0002755116146684,0.2460544914087389
delhi_ncr,2026-07-31,28.425,77.125,0.0002555308864363,0.1809045896190955
delhi_ncr,2026-07-31,28.425,77.175,0.0002013780498323,0.2020609318106461
delhi_ncr,2026-07-31,28.425,77.225,0.00021457981774,0.203707578964196
delhi_ncr,2026-07-31,28.425,77.275,0.0002128236115428,0.1947049581948418
delhi_ncr,2026-07-31,28.425,77.325,0.0001902491013265,0.1825519645120585
delhi_ncr,2026-07-31,28.425,77.375,0.0002243357070121,0.2059490796275995
delhi_ncr,2026-07-31,28.425,77.425,0.0002056498439117,0.2432819194111316
delhi_ncr,2026-07-31,28.425,77.475,0.0001850677675172,0.2431905952507391
delhi_ncr,2026-07-31,28.425,77.525,0.0001519240020091,0.2542979280816377
delhi_ncr,2026-07-31,28.425,77.55,0.0001388197704151,0.2974308776248519
delhi_ncr,2026-07-31,28.475,77.025,0.000261242737176,0.2521328363285574
delhi_ncr,2026-07-31,28.475,77.075,0.0002571621783847,0.2420574949752128
delhi_ncr,2026-07-31,28.475,77.125,0.0002278887481201,0.1737143024104016
delhi_ncr,2026-07-31,28.475,77.175,0.0001925094784855,0.1758279399400854
delhi_ncr,2026-07-31,28.475,77.225,0.0002419859539615,0.1648386636689595
delhi_ncr,2026-07-31,28.475,77.275,0.0002426692962778,0.1565432944779448
delhi_ncr,2026-07-31,28.475,77.325,0.0001868829545791,0.1589391300893553
delhi_ncr,2026-07-31,28.475,77.375,0.0002186312776227,0.2065872010222058
delhi_ncr,2026-07-31,28.475,77.425,0.0001814460885892,0.2658016956807101
delhi_ncr,2026-07-31,28.475,77.475,0.0001719112389068,0.2811058498671944
delhi_ncr,2026-07-31,28.525,76.825,0.0002156827393319,0.2463948819212321
delhi_ncr,2026-07-31,28.525,76.875,0.0001761314678651,0.227352770895369
delhi_ncr,2026-07-31,28.525,76.925,0.0002397139454488,0.2844338082434219
delhi_ncr,2026-07-31,28.525,76.975,0.0002397139454488,0.2844338082434219
delhi_ncr,2026-07-31,28.525,77.025,0.0002134820901284,0.2252445069446497
delhi_ncr,2026-07-31,28.525,77.075,0.000211682154643,0.2214915815672647
delhi_ncr,2026-07-31,28.525,77.125,0.0001964524260549,0.1936234387021849
delhi_ncr,2026-07-31,28.525,77.175,0.0001564993804427,0.2058000272100529
delhi_ncr,2026-07-31,28.525,77.225,0.0002190031467348,0.1795584373929609
delhi_ncr,2026-07-31,28.525,77.275,0.0002330236932922,0.1604371676909801
delhi_ncr,2026-07-31,28.525,77.325,0.0001873582063645,0.1638800441502157
delhi_ncr,2026-07-31,28.525,77.375,0.0002423778108686,0.2272901491540765
delhi_ncr,2026-07-31,28.525,77.425,0.0002423778108686,0.2272901491540765
delhi_ncr,2026-07-31,28.575,76.825,0.0002092955774801,0.2433197584015275
delhi_ncr,2026-07-31,28.575,76.875,0.0001761314678651,0.227352770895369
delhi_ncr,2026-07-31,28.575,76.925,0.0002337901121336,0.2791156991737275
delhi_ncr,2026-07-31,28.575,76.975,0.0002397139454488,0.2844338082434219
delhi_ncr,2026-07-31,28.575,77.025,0.0002165039210339,0.239692384282515
delhi_ncr,2026-07-31,28.575,77.075,0.000201869689507,0.2320623166856273
delhi_ncr,2026-07-31,28.575,77.125,0.0001043081459944,0.1811951993730429
delhi_ncr,2026-07-31,28.575,77.175,0.0001294034477294,0.1987501263985751
delhi_ncr,2026-07-31,28.575,77.225,0.0001405573687345,0.2407461822369313
delhi_ncr,2026-07-31,28.575,77.275,0.0001453133973379,0.2654873105861864
delhi_ncr,2026-07-31,28.625,76.825,0.000238118835947,0.204163656989834
delhi_ncr,2026-07-31,28.625,76.875,0.0002290841472309,0.1822341861235241
delhi_ncr,2026-07-31,28.625,76.925,0.0001940941252678,0.1873889965385575
delhi_ncr,2026-07-31,28.625,76.975,0.0002171435971881,0.1810051000900709
delhi_ncr,2026-07-31,28.625,77.025,0.0002468717601339,0.1969882959154845
delhi_ncr,2026-07-31,28.625,77.075,0.0002482611600011,0.2202041855705799
delhi_ncr,2026-07-31,28.625,77.125,0.0001640163461492,0.2123051724425906
delhi_ncr,2026-07-31,28.625,77.175,0.0001796056137995,0.2421750359643505
delhi_ncr,2026-07-31,28.625,77.225,0.0001721278925845,0.2512483921655963
delhi_ncr,2026-07-31,28.625,77.275,0.0001453133973379,0.2654873105861864
delhi_ncr,2026-07-31,28.675,76.825,0.0002281068062246,0.2226907551352896
delhi_ncr,2026-07-31,28.675,76.875,0.0002387202160814,0.1887083817031271
delhi_ncr,2026-07-31,28.675,76.925,0.0002316166278415,0.1674551256087378
delhi_ncr,2026-07-31,28.675,76.975,0.0002682336994043,0.1676546752482144
delhi_ncr,2026-07-31,28.675,77.025,0.0002766728584541,0.1819334526567738
delhi_ncr,2026-07-31,28.675,77.075,0.0002466533724477,0.2030017344112757
delhi_ncr,2026-07-31,28.675,77.125,0.0001660995303908,0.206182408951784
delhi_ncr,2026-07-31,28.675,77.175,0.0001845037728281,0.2479962398492665
delhi_ncr,2026-07-31,28.675,77.225,0.0001870128818977,0.2536937564383916
delhi_ncr,2026-07-31,28.675,77.525,0.0002032177831615,0.2929666512881546
delhi_ncr,2026-07-31,28.675,77.55,0.0002032177831615,0.2929666512881546
delhi_ncr,2026-07-31,28.725,76.825,0.0002012442764222,0.2446985129065483
delhi_ncr,2026-07-31,28.725,76.875,0.0002445144163394,0.1984829425142691
delhi_ncr,2026-07-31,28.725,76.925,0.0002596567580946,0.1575259498430856
delhi_ncr,2026-07-31,28.725,76.975,0.0002990106244002,0.1486806715553387
delhi_ncr,2026-07-31,28.725,77.025,0.000298007960599,0.1630330703393524
delhi_ncr,2026-07-31,28.725,77.075,0.0002532290843293,0.1898844581348146
delhi_ncr,2026-07-31,28.725,77.125,0.0001518971612652,0.1920085536829017
delhi_ncr,2026-07-31,28.725,77.175,0.0001753534542312,0.2413184480932098
delhi_ncr,2026-07-31,28.725,77.225,0.000178736573409,0.2484304520946966
delhi_ncr,2026-07-31,28.725,77.525,0.0001894229245236,0.2558964657358769
delhi_ncr,2026-07-31,28.725,77.55,0.0001756280658857,0.2188262801835991
delhi_ncr,2026-07-31,28.775,76.825,0.0001728134781741,0.2271292736022958
delhi_ncr,2026-07-31,28.775,76.875,0.0002769152711271,0.1735434445583843
delhi_ncr,2026-07-31,28.775,76.925,0.000208360100349,0.1094054606960857
delhi_ncr,2026-07-31,28.775,76.975,0.0002428988384718,0.1029331617021114
delhi_ncr,2026-07-31,28.775,77.025,0.0002871515481193,0.1364040510013182
delhi_ncr,2026-07-31,28.775,77.075,0.0003210761962785,0.189208100846003
delhi_ncr,2026-07-31,28.775,77.525,0.0001480383486098,0.1446859090790436
delhi_ncr,2026-07-31,28.775,77.55,0.0001395528970981,0.1842640952609037
delhi_ncr,2026-07-31,28.825,76.825,0.0001853712824741,0.1351615875474704
delhi_ncr,2026-07-31,28.825,76.875,0.0002558516356071,0.1323908898155335
delhi_ncr,2026-07-31,28.825,76.925,9.398780435545996e-05,0.1220581122531682
delhi_ncr,2026-07-31,28.825,76.975,0.000121367622189,0.1360335146299058
delhi_ncr,2026-07-31,28.825,77.025,0.0001921406160538,0.1823071460509333
delhi_ncr,2026-07-31,28.825,77.075,0.0002647108805688,0.2414683533555953
delhi_ncr,2026-07-31,28.825,77.525,0.0001310674455865,0.2238422814427638
delhi_ncr,2026-07-31,28.875,76.825,0.0002247320102069,0.0349138665670304
delhi_ncr,2026-07-31,28.875,76.875,0.00019223830242,0.0337144502014712
delhi_ncr,2026-07-31,28.875,76.925,0.0001556459439603,0.1142441114693437
delhi_ncr,2026-07-31,28.875,76.975,0.0001599243544175,0.1707879967242963
delhi_ncr,2026-07-31,28.875,77.025,0.0001827389378887,0.2261941741105806
delhi_ncr,2026-07-31,28.875,77.075,0.0002128604139032,0.2726505758557304
delhi_ncr,2026-07-31,28.875,77.525,0.0001310674455865,0.2238422814427638
delhi_ncr,2026-07-31,28.875,77.55,0.0001310674455865,0.2238422814427638
delhi_ncr,2026-08-02,28.375,76.825,7.650257280776733e-05,0.2656076611225729
delhi_ncr,2026-08-02,28.375,76.875,6.003242761966924e-05,0.2678654331048913
delhi_ncr,2026-08-02,28.375,76.925,6.118555911446239e-05,0.2680918097073729
delhi_ncr,2026-08-02,28.425,76.825,5.416647232772261e-05,0.2667534664632539
delhi_ncr,2026-08-02,28.425,76.875,3.0243197337512814e-05,0.2620173708741168
delhi_ncr,2026-08-02,28.425,76.925,3.0243197337512814e-05,0.2620173708741168
delhi_ncr,2026-08-02,28.725,76.825,0.0002290571991365,0.2545864928882326
delhi_ncr,2026-08-02,28.725,76.875,0.0002290571991365,0.2545864928882326
delhi_ncr,2026-08-02,28.725,76.925,0.0001168531025114,0.2800245933847749
delhi_ncr,2026-08-02,28.725,76.975,0.0001219249703344,0.2923060384782051
delhi_ncr,2026-08-02,28.725,77.025,0.0001292721170717,0.2976047255027716
delhi_ncr,2026-08-02,28.725,77.175,0.0002100371217274,0.2632974583923901
delhi_ncr,2026-08-02,28.725,77.225,0.0001987390337709,0.2527658484456584
delhi_ncr,2026-08-02,28.725,77.275,0.0001915082574788,0.2460256180797501
delhi_ncr,2026-08-02,28.775,76.825,0.0002290571991365,0.2545864928882326
delhi_ncr,2026-08-02,28.775,76.875,0.0002290571991365,0.2545864928882326
delhi_ncr,2026-08-02,28.775,76.925,0.0001190568761063,0.2795249697893249
delhi_ncr,2026-08-02,28.775,76.975,0.0001216544232274,0.29211092267384
delhi_ncr,2026-08-02,28.775,77.025,0.0001292721170717,0.2976047255027716
delhi_ncr,2026-08-02,28.775,77.175,0.0002100371217274,0.2632974583923901
delhi_ncr,2026-08-02,28.775,77.225,0.0001986435965062,0.2526768857777854
delhi_ncr,2026-08-02,28.775,77.275,0.0001915082574788,0.2460256180797501
delhi_ncr,2026-08-02,28.825,76.825,4.181020141035921e-05,0.2736148526628794
delhi_ncr,2026-08-02,28.825,76.875,3.679446327729e-05,0.2661312595755669
delhi_ncr,2026-08-02,28.825,76.925,6.215531639787871e-05,0.2548895642770695
delhi_ncr,2026-08-02,28.825,76.975,5.3890748698182885e-05,0.2677811558502014
delhi_ncr,2026-08-02,28.825,77.025,4.793307866295028e-05,0.2754797513818017
delhi_ncr,2026-08-02,28.825,77.075,3.631872202893039e-05,0.2935933374156584
delhi_ncr,2026-08-02,28.825,77.125,3.631872202893039e-05,0.2935933374156584
delhi_ncr,2026-08-02,28.825,77.175,0.0001057519054195,0.2628188620096131
delhi_ncr,2026-08-02,28.825,77.225,0.0001198787466886,0.2494829294904612
delhi_ncr,2026-08-02,28.825,77.275,0.0001320490140094,0.2402207279914017
delhi_ncr,2026-08-02,28.825,77.325,0.0001489037455305,0.2337492191773089
delhi_ncr,2026-08-02,28.875,76.825,0.0001267818986575,0.2898850550079588
delhi_ncr,2026-08-02,28.875,76.875,3.679446327729e-05,0.2661312595755669
delhi_ncr,2026-08-02,28.875,76.925,6.266340198265763e-05,0.2546643453815346
delhi_ncr,2026-08-02,28.875,76.975,5.382281035567585e-05,0.2678689468518775
delhi_ncr,2026-08-02,28.875,77.025,4.793307866295028e-05,0.2754797513818017
delhi_ncr,2026-08-02,28.875,77.075,3.631872202893039e-05,0.2935933374156584
delhi_ncr,2026-08-02,28.875,77.125,3.631872202893039e-05,0.2935933374156584
delhi_ncr,2026-08-02,28.875,77.175,0.0001059320641724,0.2627390112690681
delhi_ncr,2026-08-02,28.875,77.225,0.0001199489690574,0.249335682188523
delhi_ncr,2026-08-02,28.875,77.275,0.0001317790110287,0.2403243977927925
delhi_ncr,2026-08-02,28.875,77.325,0.0001489037455305,0.2337492191773089
delhi_ncr,2026-08-03,28.375,77.475,0.0001351912963808,0.198499870043901
delhi_ncr,2026-08-03,28.375,77.525,0.0001455172007402,0.2070113518575083
delhi_ncr,2026-08-03,28.375,77.55,0.0001799418211018,0.2124755617873097
delhi_ncr,2026-08-03,28.425,77.475,0.0001488036473183,0.2045203470532996
delhi_ncr,2026-08-03,28.425,77.525,0.0001523402181193,0.2137638619782028
delhi_ncr,2026-08-03,28.425,77.55,0.0001595607168382,0.2326360382832135
delhi_ncr,2026-08-03,28.475,77.025,0.0001539685018088,0.2493697004317238
delhi_ncr,2026-08-03,28.475,77.075,0.0001539685018088,0.2493697004317238
delhi_ncr,2026-08-03,28.525,76.925,0.0001275085171822,0.2797347043251414
delhi_ncr,2026-08-03,28.525,76.975,0.0001248453013362,0.277552010813741
delhi_ncr,2026-08-03,28.525,77.025,0.000152561739039,0.2506566416447652
delhi_ncr,2026-08-03,28.525,77.075,0.0001539685018088,0.2493697004317238
delhi_ncr,2026-08-03,28.525,77.375,7.337316959878112e-05,0.2429867229213952
delhi_ncr,2026-08-03,28.525,77.425,9.537992175972864e-05,0.2381184199377128
delhi_ncr,2026-08-03,28.525,77.475,0.0001174935897536,0.2541838022351723
delhi_ncr,2026-08-03,28.525,77.525,0.0001396072577475,0.2702491845326318
delhi_ncr,2026-08-03,28.575,76.925,0.0001275085171822,0.2797347043251414
delhi_ncr,2026-08-03,28.575,76.975,0.0001252147329338,0.2778547861041423
delhi_ncr,2026-08-03,28.575,77.025,0.0001239575627208,0.2768244463099408
delhi_ncr,2026-08-03,28.575,77.325,7.337316959878112e-05,0.2429867229213952
delhi_ncr,2026-08-03,28.575,77.375,7.337316959878112e-05,0.2429867229213952
delhi_ncr,2026-08-03,28.575,77.425,9.196272421920884e-05,0.2388743676059865
delhi_ncr,2026-08-03,28.575,77.475,0.0001212020930818,0.2568779967819513
delhi_ncr,2026-08-03,28.575,77.525,0.0001396072577475,0.2702491845326318
delhi_ncr,2026-08-03,28.625,76.825,0.000218675322636,0.136740565140209
delhi_ncr,2026-08-03,28.625,76.875,0.0002272148606076,0.1654087519734696
delhi_ncr,2026-08-03,28.625,76.925,0.0001524351030385,0.2511532162372235
delhi_ncr,2026-08-03,28.625,76.975,0.0001251750328219,0.2778222490580096
delhi_ncr,2026-08-03,28.625,77.025,0.0001239575627208,0.2768244463099408
delhi_ncr,2026-08-03,28.625,77.325,7.337316959878112e-05,0.2429867229213952
delhi_ncr,2026-08-03,28.625,77.375,7.337316959878112e-05,0.2429867229213952
delhi_ncr,2026-08-03,28.625,77.425,0.0001053086715501,0.2747315964196188
delhi_ncr,2026-08-03,28.625,77.475,0.0001144301977485,0.2743554203484152
delhi_ncr,2026-08-03,28.625,77.525,0.0001396072577475,0.2702491845326318
delhi_ncr,2026-08-03,28.675,76.825,0.0001851470152288,0.1640972569013022
delhi_ncr,2026-08-03,28.675,76.875,0.0001888561401353,0.2202140413309956
delhi_ncr,2026-08-03,28.675,76.925,0.0001900115232821,0.2185632796033593
delhi_ncr,2026-08-03,28.675,77.425,0.0001096661953927,0.2867041646286503
delhi_ncr,2026-08-03,28.675,77.475,0.0001096661953927,0.2867041646286503
delhi_ncr,2026-08-03,28.725,76.825,0.0001537139720844,0.1900701910086864
delhi_ncr,2026-08-03,28.725,76.875,0.0001528081859565,0.271717807233249
delhi_ncr,2026-08-03,28.725,76.925,0.0001528081859565,0.271717807233249
delhi_ncr,2026-08-03,28.825,76.975,0.0003002036828169,0.2777341901906466
delhi_ncr,2026-08-03,28.825,77.025,0.0003002036828169,0.2777341901906466
delhi_ncr,2026-08-03,28.875,76.925,0.0002522426935446,0.2734625793017344
delhi_ncr,2026-08-03,28.875,76.975,0.0002710076000135,0.2693355891908561
delhi_ncr,2026-08-03,28.875,77.025,0.0002481581051667,0.2674482508472808
delhi_ncr,2026-08-03,28.875,77.075,0.0001830130499483,0.2669357534763998
delhi_ncr,2026-08-05,28.825,77.025,0.0003364568941986,0.2363199495905326
delhi_ncr,2026-08-05,28.825,77.075,0.0003364568941986,0.2363199495905326
delhi_ncr,2026-08-05,28.875,77.025,0.0003364568941986,0.2363199495905326
delhi_ncr,2026-08-05,28.875,77.075,0.0003364568941986,0.2363199495905326
delhi_ncr,2026-08-08,28.875,77.425,3.911374717355385e-06,0.2955804157027444
delhi_ncr,2026-08-08,28.875,77.475,3.911374717355385e-06,0.2955804157027444
delhi_ncr,2026-08-09,28.375,76.825,0.0001448102074126,0.1356693589663807
delhi_ncr,2026-08-09,28.375,76.875,0.0001152340730417,0.1253422602368309
delhi_ncr,2026-08-09,28.375,76.925,0.0002527129450766,0.0477236526515467
delhi_ncr,2026-08-09,28.375,76.975,0.0002369983473311,0.0281782316473542
delhi_ncr,2026-08-09,28.375,77.025,0.0001755024270435,0.0370039395843282
delhi_ncr,2026-08-09,28.375,77.075,0.0001096241165973,0.0640303645867051
delhi_ncr,2026-08-09,28.375,77.125,0.0001471748622474,0.0853556951071372
delhi_ncr,2026-08-09,28.375,77.175,0.0001700307026275,0.143356289036012
delhi_ncr,2026-08-09,28.375,77.225,0.0001730170658781,0.1510574721768872
delhi_ncr,2026-08-09,28.375,77.325,0.0001087542551509,0.2615314807870035
delhi_ncr,2026-08-09,28.375,77.375,0.0001087542551509,0.2615314807870035
delhi_ncr,2026-08-09,28.375,77.425,0.0001695394956336,0.2501126132769689
delhi_ncr,2026-08-09,28.375,77.475,0.0001284261706871,0.2183964846322952
delhi_ncr,2026-08-09,28.375,77.525,0.0001222007786644,0.2187436754539517
delhi_ncr,2026-08-09,28.375,77.55,0.0001302860115925,0.2688312723703466
delhi_ncr,2026-08-09,28.425,76.825,0.0001767850048934,0.1311611970733862
delhi_ncr,2026-08-09,28.425,76.875,0.000231091164404,0.0961524210262859
delhi_ncr,2026-08-09,28.425,76.925,0.0002520994303474,0.0602847803399906
delhi_ncr,2026-08-09,28.425,76.975,0.0002366869504357,0.0679663648292588
delhi_ncr,2026-08-09,28.425,77.025,0.0002073301085326,0.0947258619345459
delhi_ncr,2026-08-09,28.425,77.075,0.0001771978977729,0.1290873489761882
delhi_ncr,2026-08-09,28.425,77.125,0.000183800362038,0.1424882362386402
delhi_ncr,2026-08-09,28.425,77.175,0.0002166832017982,0.1800852854275021
delhi_ncr,2026-08-09,28.425,77.225,0.0001726952946553,0.1906228685411693
delhi_ncr,2026-08-09,28.425,77.275,9.773347545608728e-05,0.2296792701771659
delhi_ncr,2026-08-09,28.425,77.325,6.073742470634146e-05,0.2895443929627733
delhi_ncr,2026-08-09,28.425,77.475,0.0001211123776366,0.2237937447348418
delhi_ncr,2026-08-09,28.425,77.525,0.0001211123776366,0.2237937447348418
delhi_ncr,2026-08-09,28.475,76.825,0.0002047433760476,0.1140123908745498
delhi_ncr,2026-08-09,28.475,76.875,0.0003057134257425,0.061345410647771
delhi_ncr,2026-08-09,28.475,76.925,0.0002760272697876,0.0709782069229496
delhi_ncr,2026-08-09,28.475,76.975,0.0002479547517431,0.0946781778770898
delhi_ncr,2026-08-09,28.475,77.025,0.0002353528533909,0.1247694343954859
delhi_ncr,2026-08-09,28.475,77.075,0.0002367893842734,0.1533838319950752
delhi_ncr,2026-08-09,28.475,77.125,0.0002361198018247,0.1550181748678274
delhi_ncr,2026-08-09,28.475,77.175,0.0002688475735168,0.1635075572962687
delhi_ncr,2026-08-09,28.475,77.225,0.0001750594487737,0.1864959206934938
delhi_ncr,2026-08-09,28.475,77.275,9.886584064289088e-05,0.2255964406091648
delhi_ncr,2026-08-09,28.475,77.325,6.073742470634146e-05,0.2895443929627733
delhi_ncr,2026-08-09,28.525,76.825,0.0001922619768795,0.1232312678085999
delhi_ncr,2026-08-09,28.525,76.875,0.0002651610141098,0.0852844886810127
delhi_ncr,2026-08-09,28.525,76.925,0.0003167118605496,0.0854690358185047
delhi_ncr,2026-08-09,28.525,76.975,0.0002706485171927,0.0869881375251049
delhi_ncr,2026-08-09,28.525,77.025,0.0002378241168831,0.0928745925414541
delhi_ncr,2026-08-09,28.525,77.075,0.0002340089449555,0.100362474088703
delhi_ncr,2026-08-09,28.525,77.125,0.0002453799589076,0.1015873204775463
delhi_ncr,2026-08-09,28.525,77.175,0.0003049963991126,0.1097685588660325
delhi_ncr,2026-08-09,28.525,77.225,0.0001863228228396,0.1708978963293129
delhi_ncr,2026-08-09,28.525,77.275,0.0001066973005732,0.2083351001615945
delhi_ncr,2026-08-09,28.525,77.325,0.0001474640960186,0.2892448770562084
delhi_ncr,2026-08-09,28.575,76.825,0.000198694916746,0.0563621164315062
delhi_ncr,2026-08-09,28.575,76.875,0.0002470303160627,0.0875919659056058
delhi_ncr,2026-08-09,28.575,76.925,0.0001883665962197,0.1379357018448746
delhi_ncr,2026-08-09,28.575,76.975,0.0001835880555302,0.1179274755362944
delhi_ncr,2026-08-09,28.575,77.025,0.0002365435383269,0.0893630184435608
delhi_ncr,2026-08-09,28.575,77.075,0.0002875662787107,0.062166636829983
delhi_ncr,2026-08-09,28.575,77.125,8.564639261067185e-05,0.0339613308161837
delhi_ncr,2026-08-09,28.575,77.175,3.0685452535223726e-05,0.0422850389368196
delhi_ncr,2026-08-09,28.575,77.225,0.0001199401173495,0.1283609430045995
delhi_ncr,2026-08-09,28.575,77.275,0.0001687391293383,0.2203326180163348
delhi_ncr,2026-08-09,28.575,77.325,0.0001474640960186,0.2892448770562084
delhi_ncr,2026-08-09,28.625,76.825,0.0002219188459545,0.0656835516900562
delhi_ncr,2026-08-09,28.625,76.875,0.000212151859808,0.1165709891130716
delhi_ncr,2026-08-09,28.625,76.925,0.000228929061934,0.1681724085041049
delhi_ncr,2026-08-09,28.625,76.975,0.0002082893071195,0.1486710121790799
delhi_ncr,2026-08-09,28.625,77.025,0.000206292750969,0.1266579795579587
delhi_ncr,2026-08-09,28.625,77.075,0.0002246357325592,0.1105348877904305
delhi_ncr,2026-08-09,28.625,77.125,0.0002342210459307,0.0884071810037086
delhi_ncr,2026-08-09,28.625,77.175,0.0001997503110219,0.1505480947973472
delhi_ncr,2026-08-09,28.625,77.225,0.0001556760397324,0.2282579562891714
delhi_ncr,2026-08-09,28.625,77.275,0.0001329372432092,0.2735118911214562
delhi_ncr,2026-08-09,28.625,77.325,0.0001474640960186,0.2892448770562084
delhi_ncr,2026-08-09,28.675,76.825,0.0002049774153835,0.0632548592702536
delhi_ncr,2026-08-09,28.675,76.875,0.0002521874792862,0.1196879691229622
delhi_ncr,2026-08-09,28.675,76.925,0.0002230248243941,0.1779410701688024
delhi_ncr,2026-08-09,28.675,76.975,0.0002294661392086,0.1762117567467435
delhi_ncr,2026-08-09,28.675,77.025,0.0002172330021975,0.1725309500598136
delhi_ncr,2026-08-09,28.675,77.075,0.0001994434136596,0.1718139574318306
delhi_ncr,2026-08-09,28.675,77.125,0.0002634563069463,0.1669806855410602
delhi_ncr,2026-08-09,28.675,77.175,0.0002491468628992,0.1873370973246689
delhi_ncr,2026-08-09,28.675,77.225,0.0001662195280355,0.257114763403693
delhi_ncr,2026-08-09,28.675,77.275,0.0001168393040586,0.2974007483275958
delhi_ncr,2026-08-09,28.725,76.825,0.0001982795565593,0.0916216869113572
delhi_ncr,2026-08-09,28.725,76.875,0.0002832583978205,0.1298480721722878
delhi_ncr,2026-08-09,28.725,76.925,0.0002243538757694,0.1770093347196918
delhi_ncr,2026-08-09,28.725,76.975,0.0002256180595049,0.1888689416244254
delhi_ncr,2026-08-09,28.725,77.025,0.0002202488200941,0.205005703286891
delhi_ncr,2026-08-09,28.725,77.075,0.0002086709756368,0.2245174549829133
delhi_ncr,2026-08-09,28.725,77.125,0.0002507185882358,0.2260850442796248
delhi_ncr,2026-08-09,28.725,77.175,0.0002507185882358,0.2260850442796248
delhi_ncr,2026-08-09,28.725,77.225,0.0001331496092024,0.2092171942424482
delhi_ncr,2026-08-09,28.725,77.275,0.0001482633222775,0.1850991213721471
delhi_ncr,2026-08-09,28.725,77.325,0.0001768175618749,0.1453925374488874
delhi_ncr,2026-08-09,28.725,77.375,0.0001813122785391,0.1924206736806923
delhi_ncr,2026-08-09,28.725,77.425,0.0001188305474657,0.2796958840061284
delhi_ncr,2026-08-09,28.725,77.475,0.0001081193935674,0.294657348633346
delhi_ncr,2026-08-09,28.775,76.825,0.0002447450414973,0.1892389779145862
delhi_ncr,2026-08-09,28.775,76.875,0.0002364502265976,0.1739673395124605
delhi_ncr,2026-08-09,28.775,76.925,0.0002750440929996,0.1721943378879776
delhi_ncr,2026-08-09,28.775,76.975,0.000177036675986,0.1740311857383241
delhi_ncr,2026-08-09,28.775,77.025,0.0001742206425785,0.2035411356897476
delhi_ncr,2026-08-09,28.775,77.075,0.0002581098481434,0.2484368002204973
delhi_ncr,2026-08-09,28.775,77.225,0.0001331496092024,0.2092171942424482
delhi_ncr,2026-08-09,28.775,77.275,0.0001487058711076,0.1843929133821561
delhi_ncr,2026-08-09,28.775,77.325,0.0001768266161975,0.1454872726570092
delhi_ncr,2026-08-09,28.775,77.375,0.0001813122785391,0.1924206736806923
delhi_ncr,2026-08-09,28.775,77.425,0.0001194847483767,0.2787820885475302
delhi_ncr,2026-08-09,28.775,77.475,0.0001081193935674,0.294657348633346
delhi_ncr,2026-08-09,28.825,76.825,0.0002163338496221,0.178400111040561
delhi_ncr,2026-08-09,28.825,76.875,0.0002293382508501,0.1752990083130323
delhi_ncr,2026-08-09,28.825,76.925,0.0002138281341488,0.216090639361713
delhi_ncr,2026-08-09,28.825,76.975,0.0002221464121066,0.2244703925387407
delhi_ncr,2026-08-09,28.825,77.025,0.0002183778766873,0.2077106027318141
delhi_ncr,2026-08-09,28.825,77.075,0.0002228647533434,0.1685883282076473
delhi_ncr,2026-08-09,28.825,77.125,0.000348194575515,0.1053867119897532
delhi_ncr,2026-08-09,28.825,77.175,0.000351377266101,0.1045310667322888
delhi_ncr,2026-08-09,28.825,77.225,0.0002818821197911,0.0997839342294145
delhi_ncr,2026-08-09,28.825,77.275,0.0002042304338258,0.1093516449456511
delhi_ncr,2026-08-09,28.825,77.325,0.0001441232748809,0.1314871513044313
delhi_ncr,2026-08-09,28.875,76.825,0.0002693301359082,0.1424478826426887
delhi_ncr,2026-08-09,28.875,76.875,0.0002216244868764,0.1295890426753271
delhi_ncr,2026-08-09,28.875,76.925,0.0003084241847124,0.1099881806028256
delhi_ncr,2026-08-09,28.875,76.975,0.000306228709983,0.1104971334990046
delhi_ncr,2026-08-09,28.875,77.025,0.0002878793824789,0.1302213125078395
delhi_ncr,2026-08-09,28.875,77.075,0.0002761599569244,0.1540180089585522
delhi_ncr,2026-08-09,28.875,77.125,0.0003256217334616,0.1246332522924067
delhi_ncr,2026-08-09,28.875,77.175,0.0002620612067001,0.0889770005118686
delhi_ncr,2026-08-09,28.875,77.225,0.0001797239186519,0.1148127591686896
delhi_ncr,2026-08-09,28.875,77.275,0.00011471528133,0.1623538202224801
delhi_ncr,2026-08-09,28.875,77.325,8.733027348600182e-05,0.2189232959791163
delhi_ncr,2026-08-09,28.875,77.375,0.0001954724508107,0.2964426400038735
delhi_ncr,2026-08-09,28.875,77.425,0.0001422765387604,0.291750481592722
delhi_ncr,2026-08-09,28.875,77.475,0.000132796079187,0.2909142553412296
delhi_ncr,2026-08-12,28.375,76.825,0.0001872999705394,0.1860310195957063
delhi_ncr,2026-08-12,28.375,76.875,0.0002346977017837,0.2068184313665518
delhi_ncr,2026-08-12,28.375,76.925,0.0002464475542486,0.2393924558149359
delhi_ncr,2026-08-12,28.375,76.975,0.0002392397542874,0.2570561482741105
delhi_ncr,2026-08-12,28.375,77.025,0.0002607406344258,0.2651248486418443
delhi_ncr,2026-08-12,28.375,77.075,0.0003019876586424,0.2583802309341995
delhi_ncr,2026-08-12,28.375,77.125,0.0003024534771885,0.2097963582194217
delhi_ncr,2026-08-12,28.375,77.175,0.0002968465934537,0.1979093086253064
delhi_ncr,2026-08-12,28.375,77.225,0.0003355685740814,0.2005168386190775
delhi_ncr,2026-08-12,28.375,77.275,0.0003606189911842,0.2118597256111117
delhi_ncr,2026-08-12,28.375,77.325,0.0003635836107109,0.2218991015450848
delhi_ncr,2026-08-12,28.375,77.375,0.000379202091044,0.172058633120314
delhi_ncr,2026-08-12,28.375,77.425,0.0003640038277354,0.1723866419610678
delhi_ncr,2026-08-12,28.375,77.475,0.0002955378922798,0.1576566208442638
delhi_ncr,2026-08-12,28.375,77.525,0.0002581011213089,0.1296860951122727
delhi_ncr,2026-08-12,28.375,77.55,0.0002572699094399,0.0837905427728767
delhi_ncr,2026-08-12,28.425,76.825,0.0001836323088733,0.1689179961282473
delhi_ncr,2026-08-12,28.425,76.875,0.0002285123910826,0.1770065454634523
delhi_ncr,2026-08-12,28.425,76.925,0.0002572192383744,0.2043595135554967
delhi_ncr,2026-08-12,28.425,76.975,0.000257591192063,0.2394819743799096
delhi_ncr,2026-08-12,28.425,77.025,0.0002534472714832,0.2613055921599769
delhi_ncr,2026-08-12,28.425,77.075,0.0002528283582202,0.2634526228402171
delhi_ncr,2026-08-12,28.425,77.125,0.000276307369731,0.2335037476567226
delhi_ncr,2026-08-12,28.425,77.175,0.0002850008868106,0.1973604651436785
delhi_ncr,2026-08-12,28.425,77.225,0.0002953106003679,0.1728684775974858
delhi_ncr,2026-08-12,28.425,77.275,0.0003192846399382,0.1578783233841147
delhi_ncr,2026-08-12,28.425,77.325,0.0003530325483684,0.1509934493412415
delhi_ncr,2026-08-12,28.425,77.375,0.0003603002708728,0.13950230568547
delhi_ncr,2026-08-12,28.425,77.425,0.0003096940356452,0.1304422747436267
delhi_ncr,2026-08-12,28.425,77.475,0.0002430652292241,0.1136527886944183
delhi_ncr,2026-08-12,28.425,77.525,0.0002033688556503,0.0952125114092875
delhi_ncr,2026-08-12,28.425,77.55,0.0002133229260051,0.0819026886856107
delhi_ncr,2026-08-12,28.475,76.825,0.0001916556921891,0.169956527226101
delhi_ncr,2026-08-12,28.475,76.875,0.0002197841043755,0.1651208359096566
delhi_ncr,2026-08-12,28.475,76.925,0.0002758508452166,0.1845676392612384
delhi_ncr,2026-08-12,28.475,76.975,0.0002884913651529,0.2237144371000677
delhi_ncr,2026-08-12,28.475,77.025,0.000267019404258,0.2487753270277765
delhi_ncr,2026-08-12,28.475,77.075,0.0002298919956413,0.2553706565849137
delhi_ncr,2026-08-12,28.475,77.125,0.0002487586357308,0.2470150152220972
delhi_ncr,2026-08-12,28.475,77.175,0.0002827272596095,0.1885599730787278
delhi_ncr,2026-08-12,28.475,77.225,0.0002694521766894,0.1521452020904042
delhi_ncr,2026-08-12,28.475,77.275,0.0002833784072632,0.1209443069395548
delhi_ncr,2026-08-12,28.475,77.325,0.0003269168307872,0.0978467433625508
delhi_ncr,2026-08-12,28.475,77.375,0.0003154775545635,0.106490693492067
delhi_ncr,2026-08-12,28.475,77.425,0.0002435216670913,0.0932062628660789
delhi_ncr,2026-08-12,28.475,77.475,0.0001954444969906,0.0687661624757039
delhi_ncr,2026-08-12,28.475,77.525,0.0001560183156823,0.0524734584218227
delhi_ncr,2026-08-12,28.475,77.55,0.0001145834425306,0.040459515701904
delhi_ncr,2026-08-12,28.525,76.825,0.0001831971629021,0.1821320441577007
delhi_ncr,2026-08-12,28.525,76.875,0.0001979246441063,0.1768795249773954
delhi_ncr,2026-08-12,28.525,76.925,0.0003013972514386,0.1987059604899592
delhi_ncr,2026-08-12,28.525,76.975,0.0003285923849323,0.2178424972301381
delhi_ncr,2026-08-12,28.525,77.025,0.0002971989796475,0.2323472628665511
delhi_ncr,2026-08-12,28.525,77.075,0.0002337578756952,0.2407884934315026
delhi_ncr,2026-08-12,28.525,77.125,0.0002370758323076,0.2382714136682058
delhi_ncr,2026-08-12,28.525,77.175,0.0003001867404612,0.1722490265235436
delhi_ncr,2026-08-12,28.525,77.225,0.0002878643004144,0.1437731572974024
delhi_ncr,2026-08-12,28.525,77.275,0.0002876339272833,0.1137868975578108
delhi_ncr,2026-08-12,28.525,77.325,0.0003028307502851,0.0818992967946841
delhi_ncr,2026-08-12,28.525,77.375,0.0002450980103831,0.0874045710713831
delhi_ncr,2026-08-12,28.525,77.425,0.0002152920396706,0.0866144330744572
delhi_ncr,2026-08-12,28.525,77.475,0.0002166652715631,0.0534481688984687
delhi_ncr,2026-08-12,28.525,77.525,0.0001794218194128,0.0254819140535719
delhi_ncr,2026-08-12,28.525,77.55,0.0001375985547509,0.0089041324206168
delhi_ncr,2026-08-12,28.575,76.825,0.000203498111549,0.1469187372084146
delhi_ncr,2026-08-12,28.575,76.875,0.0001929590267932,0.1433491503669759
delhi_ncr,2026-08-12,28.575,76.925,0.0002384663730837,0.1658916243307184
delhi_ncr,2026-08-12,28.575,76.975,0.0002647581854261,0.179964523499902
delhi_ncr,2026-08-12,28.575,77.025,0.0002474061678846,0.20449077834527
delhi_ncr,2026-08-12,28.575,77.075,0.0002063788508838,0.2279304654003845
delhi_ncr,2026-08-12,28.575,77.125,0.0002356726975328,0.1966720572930209
delhi_ncr,2026-08-12,28.575,77.175,0.0002715842680707,0.1718513463711825
delhi_ncr,2026-08-12,28.575,77.225,0.000173613115849,0.128898500493127
delhi_ncr,2026-08-12,28.575,77.275,0.0001204338591408,0.1014294194461023
delhi_ncr,2026-08-12,28.575,77.325,0.0001486616530306,0.0932624588365095
delhi_ncr,2026-08-12,28.575,77.375,0.0002215464923065,0.0638963683464104
delhi_ncr,2026-08-12,28.575,77.425,0.0002040719396127,0.0665798690164289
delhi_ncr,2026-08-12,28.575,77.475,0.0002061497238667,0.0373646383783619
delhi_ncr,2026-08-12,28.575,77.525,0.0002016286594514,0.0113343667591678
delhi_ncr,2026-08-12,28.625,76.825,0.0001421300389607,0.1514698541734621
delhi_ncr,2026-08-12,28.625,76.875,0.0001771975820094,0.1525774928769204
delhi_ncr,2026-08-12,28.625,76.925,0.0002538932853578,0.1753821378254665
delhi_ncr,2026-08-12,28.625,76.975,0.0002618799075715,0.1802989261045108
delhi_ncr,2026-08-12,28.625,77.025,0.0002578127654258,0.1930683194069701
delhi_ncr,2026-08-12,28.625,77.075,0.0002563625440603,0.2112179367294288
delhi_ncr,2026-08-12,28.625,77.125,0.0002903443378789,0.2127326877039816
delhi_ncr,2026-08-12,28.625,77.175,0.000323574917419,0.2160473245951609
delhi_ncr,2026-08-12,28.625,77.225,0.0002788657785362,0.155741658862053
delhi_ncr,2026-08-12,28.625,77.275,0.00024734897417,0.1144803131925151
delhi_ncr,2026-08-12,28.625,77.325,0.0002442056570881,0.1010157397280757
delhi_ncr,2026-08-12,28.625,77.375,0.0002227535855609,0.0273380317723068
delhi_ncr,2026-08-12,28.625,77.425,0.0002427326834296,0.0278014524745699
delhi_ncr,2026-08-12,28.625,77.475,0.0001910136314665,0.0137842984266347
delhi_ncr,2026-08-12,28.625,77.525,0.0001637790978399,0.0025207372083735
delhi_ncr,2026-08-12,28.625,77.55,0.0001862701700734,0.0007205296203074
delhi_ncr,2026-08-12,28.675,76.825,0.0001583552774572,0.1567241991120403
delhi_ncr,2026-08-12,28.675,76.875,0.000158551234178,0.1521208173771693
delhi_ncr,2026-08-12,28.675,76.925,0.0002215490585588,0.1678706482792183
delhi_ncr,2026-08-12,28.675,76.975,0.0002551378684846,0.1804992292669064
delhi_ncr,2026-08-12,28.675,77.025,0.0002751150765549,0.194858204057251
delhi_ncr,2026-08-12,28.675,77.075,0.0002792957832913,0.2067564847072447
delhi_ncr,2026-08-12,28.675,77.125,0.0002531563943709,0.1986962101116479
delhi_ncr,2026-08-12,28.675,77.175,0.0002774831036917,0.2016572298281641
delhi_ncr,2026-08-12,28.675,77.225,0.0002824353180748,0.153466318018118
delhi_ncr,2026-08-12,28.675,77.275,0.0002728842840164,0.1144040962584912
delhi_ncr,2026-08-12,28.675,77.325,0.0002433471323299,0.0903456280256995
delhi_ncr,2026-08-12,28.675,77.375,0.0001499656045646,0.0114161837863809
delhi_ncr,2026-08-12,28.675,77.425,0.0001563213548566,0.009215565761119
delhi_ncr,2026-08-12,28.675,77.475,0.0001439647200389,0.0036580962665174
delhi_ncr,2026-08-12,28.675,77.525,0.0001693883308725,0.0
delhi_ncr,2026-08-12,28.675,77.55,0.0002401692507277,0.0
delhi_ncr,2026-08-12,28.725,76.825,0.0002103455549242,0.1569355916785001
delhi_ncr,2026-08-12,28.725,76.875,0.0001747369024899,0.1397308246643373
delhi_ncr,2026-08-12,28.725,76.925,0.0001759802244104,0.1450477003371305
delhi_ncr,2026-08-12,28.725,76.975,0.0002178851633642,0.1605952181353997
delhi_ncr,2026-08-12,28.725,77.025,0.0002512008141141,0.1826106417539245
delhi_ncr,2026-08-12,28.725,77.075,0.0002583873309589,0.2023910704475378
delhi_ncr,2026-08-12,28.725,77.125,0.0001915833478319,0.1906106618721117
delhi_ncr,2026-08-12,28.725,77.175,0.0002151395094878,0.1645607501644985
delhi_ncr,2026-08-12,28.725,77.225,0.0002425732101315,0.132694657920311
delhi_ncr,2026-08-12,28.725,77.275,0.0002461593690351,0.1044419262015067
delhi_ncr,2026-08-12,28.725,77.325,0.0002125883361181,0.0782080853008398
delhi_ncr,2026-08-12,28.725,77.375,0.000100379426595,0.0156033249970613
delhi_ncr,2026-08-12,28.725,77.425,6.834953734929885e-05,0.0041465536232476
delhi_ncr,2026-08-12,28.725,77.475,0.000105393252676,0.000889116328784
delhi_ncr,2026-08-12,28.725,77.525,0.0001791375919165,0.0
delhi_ncr,2026-08-12,28.725,77.55,0.0002475708000736,0.0
delhi_ncr,2026-08-12,28.775,76.825,0.0002702966923623,0.1459469054183143
delhi_ncr,2026-08-12,28.775,76.875,0.0002609112370811,0.112033737857129
delhi_ncr,2026-08-12,28.775,76.925,0.000145581081297,0.1058136885582198
delhi_ncr,2026-08-12,28.775,76.975,0.0001255072547118,0.1023662335198308
delhi_ncr,2026-08-12,28.775,77.025,0.0001428109845381,0.1333679770779114
delhi_ncr,2026-08-12,28.775,77.075,0.0001746364145157,0.1891695965049619
delhi_ncr,2026-08-12,28.775,77.125,0.0001569635579862,0.2182755722408108
delhi_ncr,2026-08-12,28.775,77.175,0.0002010467545627,0.1316761188720015
delhi_ncr,2026-08-12,28.775,77.225,0.0001986085379808,0.0995752402526042
delhi_ncr,2026-08-12,28.775,77.275,0.0001989702278473,0.0859949936569642
delhi_ncr,2026-08-12,28.775,77.325,0.0002040244212668,0.0798212279674091
delhi_ncr,2026-08-12,28.775,77.375,0.0001564097253582,0.0426920252234977
delhi_ncr,2026-08-12,28.775,77.425,7.972731140782186e-05,0.0106617724900801
delhi_ncr,2026-08-12,28.775,77.475,0.000110434169091,0.0019866367190873
delhi_ncr,2026-08-12,28.775,77.525,0.0001621996063678,0.0
delhi_ncr,2026-08-12,28.775,77.55,0.0001483243433886,0.0
delhi_ncr,2026-08-12,28.825,76.825,0.0002933858021495,0.1247060669656483
delhi_ncr,2026-08-12,28.825,76.875,0.0002859916163052,0.1115309036466656
delhi_ncr,2026-08-12,28.825,76.925,0.0001840462811086,0.0856992013678711
delhi_ncr,2026-08-12,28.825,76.975,0.0001417963862475,0.0835251798127901
delhi_ncr,2026-08-12,28.825,77.025,0.0001631106368854,0.1224387474438622
delhi_ncr,2026-08-12,28.825,77.075,0.0002143233815322,0.1814225646272491
delhi_ncr,2026-08-12,28.825,77.125,0.0001540974907641,0.1738276567909278
delhi_ncr,2026-08-12,28.825,77.175,0.0001468876624067,0.1048511451285453
delhi_ncr,2026-08-12,28.825,77.225,0.0001693020733285,0.0893012789927267
delhi_ncr,2026-08-12,28.825,77.275,0.0001747796700672,0.0799860631933568
delhi_ncr,2026-08-12,28.825,77.325,0.0001559416549756,0.0657830343861073
delhi_ncr,2026-08-12,28.825,77.375,0.0001332874039756,0.0288701862873951
delhi_ncr,2026-08-12,28.825,77.425,0.0001356815617548,0.0204910716940854
delhi_ncr,2026-08-12,28.825,77.475,0.000156046634482,0.007886354965871
delhi_ncr,2026-08-12,28.825,77.525,0.000145160488075,0.0
delhi_ncr,2026-08-12,28.875,76.825,0.0001066057229487,0.1364447392561105
delhi_ncr,2026-08-12,28.875,76.875,0.0001152876520439,0.1320354867868482
delhi_ncr,2026-08-12,28.875,76.925,0.0001039983362717,0.0892244110700254
delhi_ncr,2026-08-12,28.875,76.975,9.232495737396424e-05,0.0837752816635173
delhi_ncr,2026-08-12,28.875,77.025,0.0001283161872609,0.1173234103606138
delhi_ncr,2026-08-12,28.875,77.075,0.0001860819972754,0.1641181651880962
delhi_ncr,2026-08-12,28.875,77.125,0.0001280154673078,0.1136373623321319
delhi_ncr,2026-08-12,28.875,77.175,0.0001430401516492,0.0917377448939996
delhi_ncr,2026-08-12,28.875,77.225,0.0001329045589767,0.0825518464514824
delhi_ncr,2026-08-12,28.875,77.275,0.0001396317915053,0.0779728857550169
delhi_ncr,2026-08-12,28.875,77.325,0.0001636980530163,0.0745340738140753
delhi_ncr,2026-08-12,28.875,77.375,0.0001482974634297,0.0578465503428678
delhi_ncr,2026-08-12,28.875,77.425,0.0001286083659111,0.0394152930674271
delhi_ncr,2026-08-12,28.875,77.475,0.0001501415498405,0.014901811866099
delhi_ncr,2026-08-12,28.875,77.525,0.0001346620810388,0.0
delhi_ncr,2026-08-12,28.875,77.55,7.580035849822495e-05,0.0
