region_id,date,lat,lon,hcho_value,cloud_fraction
delhi_ncr,2026-08-16,28.375,76.825,0.00013594745828306471,0.21043922931722814
delhi_ncr,2026-08-16,28.375,76.875,0.00013965701409521448,0.2115562653125992
delhi_ncr,2026-08-16,28.375,76.925,0.0001705230403519581,0.2127394666715957
delhi_ncr,2026-08-16,28.375,76.975,0.0001584081191251567,0.20689025884963155
delhi_ncr,2026-08-16,28.375,77.025,0.00016457600845452434,0.18517284949174267
delhi_ncr,2026-08-16,28.375,77.075,0.000185099824809048,0.1556840230826847
delhi_ncr,2026-08-16,28.375,77.125,0.00016983240990426005,0.1539670338659796
delhi_ncr,2026-08-16,28.375,77.175,0.00017068443314661398,0.16887038663872883
delhi_ncr,2026-08-16,28.375,77.225,0.0001895583439188924,0.20133331042793803
delhi_ncr,2026-08-16,28.375,77.275,0.0002030950642776095,0.2161558482325761
delhi_ncr,2026-08-16,28.375,77.325,0.00020711411302945667,0.20628005116848078
delhi_ncr,2026-08-16,28.375,77.375,0.00021175268111960148,0.18144209488267893
delhi_ncr,2026-08-16,28.375,77.425,0.00018609145700630069,0.16700175267036055
delhi_ncr,2026-08-16,28.375,77.475,0.00017609614071878376,0.14818654229184539
delhi_ncr,2026-08-16,28.375,77.525,0.0001720963320021475,0.15312108520348436
delhi_ncr,2026-08-16,28.375,77.55,0.00017254566711187824,0.16680098087076212
delhi_ncr,2026-08-16,28.425,76.825,0.0001549051083697577,0.1994935056094502
delhi_ncr,2026-08-16,28.425,76.875,0.00014725089188506548,0.19382186798544998
delhi_ncr,2026-08-16,28.425,76.925,0.0001867592076300616,0.19984824606340584
delhi_ncr,2026-08-16,28.425,76.975,0.00018248395630563407,0.21107830227878754
delhi_ncr,2026-08-16,28.425,77.025,0.00019486295113626257,0.20884290913037323
delhi_ncr,2026-08-16,28.425,77.075,0.00021695272826866458,0.194750246068823
delhi_ncr,2026-08-16,28.425,77.125,0.00018446786426019445,0.18528882616833545
delhi_ncr,2026-08-16,28.425,77.175,0.0002058175456451922,0.1899680780513296
delhi_ncr,2026-08-16,28.425,77.225,0.00019748039875465672,0.18805073329535474
delhi_ncr,2026-08-16,28.425,77.275,0.00019403473172557062,0.180504458208362
delhi_ncr,2026-08-16,28.425,77.325,0.00019934409197628418,0.1693264529392349
delhi_ncr,2026-08-16,28.425,77.375,0.00019213252307714992,0.16935045220789197
delhi_ncr,2026-08-16,28.425,77.425,0.0001803833615213301,0.15637245219490006
delhi_ncr,2026-08-16,28.425,77.475,0.00015543669363528344,0.14526571150069117
delhi_ncr,2026-08-16,28.425,77.525,0.00014105606099537265,0.14876212264747937
delhi_ncr,2026-08-16,28.425,77.55,0.00014722991560661735,0.17130380468873396
delhi_ncr,2026-08-16,28.475,76.825,0.00017355726016075282,0.17937064547802076
delhi_ncr,2026-08-16,28.475,76.875,0.00017344646514519887,0.17209857721973473
delhi_ncr,2026-08-16,28.475,76.925,0.00022099575322962115,0.18864437267039944
delhi_ncr,2026-08-16,28.475,76.975,0.00021220410486028014,0.21508959683724016
delhi_ncr,2026-08-16,28.475,77.025,0.00021924922154557513,0.2254760591776751
delhi_ncr,2026-08-16,28.475,77.075,0.00023584050231731672,0.21773784112136763
delhi_ncr,2026-08-16,28.475,77.125,0.00019530564351213963,0.19679110110634787
delhi_ncr,2026-08-16,28.475,77.175,0.00023137103442138977,0.18872734984657968
delhi_ncr,2026-08-16,28.475,77.225,0.0002049809226006757,0.16295467718348292
delhi_ncr,2026-08-16,28.475,77.275,0.00018936347501583953,0.14164220865353383
delhi_ncr,2026-08-16,28.475,77.325,0.00019370145251680163,0.13301075552798883
delhi_ncr,2026-08-16,28.475,77.375,0.00016901240483045368,0.1513366268892787
delhi_ncr,2026-08-16,28.475,77.425,0.00016298643044999257,0.13811078591987422
delhi_ncr,2026-08-16,28.475,77.475,0.00012814807755044626,0.14124876969362193
delhi_ncr,2026-08-16,28.475,77.525,0.00010758604056930464,0.13243987881228875
delhi_ncr,2026-08-16,28.475,77.55,0.00010700225539249532,0.07928639972935704
delhi_ncr,2026-08-16,28.525,76.825,0.0001631759392613139,0.16454671819354258
delhi_ncr,2026-08-16,28.525,76.875,0.00020833737757502133,0.15742811509960633
delhi_ncr,2026-08-16,28.525,76.925,0.000259403676117243,0.1951028768830809
delhi_ncr,2026-08-16,28.525,76.975,0.0002323111316520741,0.2264367806681227
delhi_ncr,2026-08-16,28.525,77.025,0.00021292256587193228,0.22866926342596577
delhi_ncr,2026-08-16,28.525,77.075,0.00020725486808335336,0.20213640986666165
delhi_ncr,2026-08-16,28.525,77.125,0.00018522391049802302,0.1596485511113476
delhi_ncr,2026-08-16,28.525,77.175,0.00022584944007565555,0.15543818528526285
delhi_ncr,2026-08-16,28.525,77.225,0.00020778564017378734,0.136981217765175
delhi_ncr,2026-08-16,28.525,77.275,0.00019333605300132133,0.12340432494534714
delhi_ncr,2026-08-16,28.525,77.325,0.00019144449253704105,0.119750889328162
delhi_ncr,2026-08-16,28.525,77.375,0.00016585132448608767,0.12405974376551658
delhi_ncr,2026-08-16,28.525,77.425,0.000140210523757341,0.1096341272542534
delhi_ncr,2026-08-16,28.525,77.475,0.00011568560041225418,0.14200211017149442
delhi_ncr,2026-08-16,28.525,77.525,9.867791403185093e-05,0.11843830962331396
delhi_ncr,2026-08-16,28.525,77.55,0.00012550656180528632,0.08086611618195445
delhi_ncr,2026-08-16,28.575,76.825,0.0001815204403843764,0.18526999360324564
delhi_ncr,2026-08-16,28.575,76.875,0.00018669695656434423,0.17984487605783153
delhi_ncr,2026-08-16,28.575,76.925,0.00016848240799472946,0.22403107844500572
delhi_ncr,2026-08-16,28.575,76.975,0.0001645871514078495,0.21442397183275552
delhi_ncr,2026-08-16,28.575,77.025,0.00017874969880223103,0.19546448849996356
delhi_ncr,2026-08-16,28.575,77.075,0.00019888700700648724,0.17304694572874102
delhi_ncr,2026-08-16,28.575,77.125,0.00017476150974850036,0.13980658473729157
delhi_ncr,2026-08-16,28.575,77.175,0.0001433535430152509,0.1568160236600803
delhi_ncr,2026-08-16,28.575,77.225,0.00015034709894954168,0.15835178048258844
delhi_ncr,2026-08-16,28.575,77.275,0.0001526624726107786,0.17043696419430238
delhi_ncr,2026-08-16,28.575,77.325,0.00014527602073490474,0.19257697604276736
delhi_ncr,2026-08-16,28.575,77.375,0.0001564625779032117,0.18988641042141843
delhi_ncr,2026-08-16,28.575,77.425,0.00014941527398903179,0.15838625880616355
delhi_ncr,2026-08-16,28.575,77.475,0.00016367590847427308,0.14712131758015665
delhi_ncr,2026-08-16,28.575,77.525,0.00017008422562051552,0.14392565737548582
delhi_ncr,2026-08-16,28.625,76.825,0.00020024382008212313,0.14968161816961845
delhi_ncr,2026-08-16,28.625,76.875,0.0002125704488824451,0.16960750537826624
delhi_ncr,2026-08-16,28.625,76.925,0.00022121261564054303,0.1978334320170247
delhi_ncr,2026-08-16,28.625,76.975,0.00021638625703389606,0.19321724598613765
delhi_ncr,2026-08-16,28.625,77.025,0.00021887517902935798,0.1970433871225412
delhi_ncr,2026-08-16,28.625,77.075,0.00023186451047768478,0.20510629268725905
delhi_ncr,2026-08-16,28.625,77.125,0.00025234197741259916,0.17625080846571486
delhi_ncr,2026-08-16,28.625,77.175,0.00023831513107076225,0.20428621132686894
delhi_ncr,2026-08-16,28.625,77.225,0.00022820677166991422,0.2119618528027673
delhi_ncr,2026-08-16,28.625,77.275,0.00024216591398800306,0.2089376228028905
delhi_ncr,2026-08-16,28.625,77.325,0.0002706086579766947,0.18534209309559627
delhi_ncr,2026-08-16,28.625,77.375,0.00020820066060114713,0.05550971819901671
delhi_ncr,2026-08-16,28.625,77.425,0.00018134170280435243,0.13700213357238605
delhi_ncr,2026-08-16,28.625,77.475,0.0001637095736510938,0.12254421126551346
delhi_ncr,2026-08-16,28.625,77.525,0.0001641595839348061,0.10264994437459148
delhi_ncr,2026-08-16,28.625,77.55,0.00017506768541446653,0.11884285598995148
delhi_ncr,2026-08-16,28.675,76.825,0.00020867607098201836,0.14238864943523494
delhi_ncr,2026-08-16,28.675,76.875,0.00023087630791447002,0.16585966110250766
delhi_ncr,2026-08-16,28.675,76.925,0.00024328587228417473,0.18745533494469113
delhi_ncr,2026-08-16,28.675,76.975,0.0002482077013495241,0.19327778704893764
delhi_ncr,2026-08-16,28.675,77.025,0.00023715068466532838,0.20465654814176495
delhi_ncr,2026-08-16,28.675,77.075,0.00021839072704274713,0.21589947705477094
delhi_ncr,2026-08-16,28.675,77.125,0.00022867469243817302,0.19268808638630017
delhi_ncr,2026-08-16,28.675,77.175,0.00024708656677966296,0.21525970765815078
delhi_ncr,2026-08-16,28.675,77.225,0.00024136614656167539,0.2118597997604285
delhi_ncr,2026-08-16,28.675,77.275,0.0002515787474286816,0.2003773746706013
delhi_ncr,2026-08-16,28.675,77.325,0.0002664844894415785,0.1701808461767912
delhi_ncr,2026-08-16,28.675,77.375,0.00014996560456468396,0.011416183786380985
delhi_ncr,2026-08-16,28.675,77.425,0.00012565975930112523,0.06452703726673023
delhi_ncr,2026-08-16,28.675,77.475,0.00013135939102482477,0.08521773844387506
delhi_ncr,2026-08-16,28.675,77.525,0.00016670629661222678,0.10218521519540708
delhi_ncr,2026-08-16,28.675,77.55,0.00022400310535192173,0.12013363149363535
delhi_ncr,2026-08-16,28.725,76.825,0.00020996910943592233,0.15164137186819887
delhi_ncr,2026-08-16,28.725,76.875,0.0002414911344628008,0.16556358507582292
delhi_ncr,2026-08-16,28.725,76.925,0.0002377576261750926,0.18459388928501755
delhi_ncr,2026-08-16,28.725,76.975,0.0002478795655321747,0.19786793951841578
delhi_ncr,2026-08-16,28.725,77.025,0.00023556206852030567,0.2099505377553612
delhi_ncr,2026-08-16,28.725,77.075,0.00020487698904149098,0.21848906393219417
delhi_ncr,2026-08-16,28.725,77.125,0.00019111562459362804,0.21314103381974184
delhi_ncr,2026-08-16,28.725,77.175,0.0002311384539911114,0.21282840700951944
delhi_ncr,2026-08-16,28.725,77.225,0.00022958476833502336,0.20170977050647182
delhi_ncr,2026-08-16,28.725,77.275,0.00022731171849229152,0.18171539215177807
delhi_ncr,2026-08-16,28.725,77.325,0.00021809805245475545,0.1451366803511922
delhi_ncr,2026-08-16,28.725,77.375,0.00010355024858393304,0.03466815290620724
delhi_ncr,2026-08-16,28.725,77.425,7.346359770504499e-05,0.03865997252776871
delhi_ncr,2026-08-16,28.725,77.475,0.00010571807486975931,0.058220058889716764
delhi_ncr,2026-08-16,28.725,77.525,0.00016639754116927623,0.08986085154961618
delhi_ncr,2026-08-16,28.725,77.55,0.00021687201133443839,0.11014476615508988
delhi_ncr,2026-08-16,28.775,76.825,0.00020524780396532444,0.17076154391504172
delhi_ncr,2026-08-16,28.775,76.875,0.0002427040312167472,0.16689600641047755
delhi_ncr,2026-08-16,28.775,76.925,0.0002034454630452318,0.1834067961102509
delhi_ncr,2026-08-16,28.775,76.975,0.00019989286747096042,0.19458690254850122
delhi_ncr,2026-08-16,28.775,77.025,0.00021215515021182874,0.20610551012825834
delhi_ncr,2026-08-16,28.775,77.075,0.00022807111994232275,0.22138749975270694
delhi_ncr,2026-08-16,28.775,77.125,0.00020773907058296628,0.2566615745545749
delhi_ncr,2026-08-16,28.775,77.175,0.0002368651623884015,0.21392392890450335
delhi_ncr,2026-08-16,28.775,77.225,0.00022053721181299318,0.21497323306598276
delhi_ncr,2026-08-16,28.775,77.275,0.00020234967027227843,0.1807673050683892
delhi_ncr,2026-08-16,28.775,77.325,0.0001904255187321993,0.11265425031220921
delhi_ncr,2026-08-16,28.775,77.375,0.00016886100194866619,0.117556349452095
delhi_ncr,2026-08-16,28.775,77.425,9.960602989227139e-05,0.1447219305188052
delhi_ncr,2026-08-16,28.775,77.475,0.00011927486364723249,0.06230400891368708
delhi_ncr,2026-08-16,28.775,77.525,0.00015321716960923015,0.023814761432264953
delhi_ncr,2026-08-16,28.775,77.55,0.0001873282574653103,0.12268111321098776
delhi_ncr,2026-08-16,28.825,76.825,0.00016431203590846686,0.18446094679951866
delhi_ncr,2026-08-16,28.825,76.875,0.0001889859764831069,0.17634206299333294
delhi_ncr,2026-08-16,28.825,76.925,0.00018646421232085188,0.1868891189501865
delhi_ncr,2026-08-16,28.825,76.975,0.00020896310076160018,0.20006759378418137
delhi_ncr,2026-08-16,28.825,77.025,0.00022966344631716046,0.2153625197809218
delhi_ncr,2026-08-16,28.825,77.075,0.0002384401566048453,0.22882333053899814
delhi_ncr,2026-08-16,28.825,77.125,0.00021163218504277134,0.22869238629106273
delhi_ncr,2026-08-16,28.825,77.175,0.00023044466401726623,0.22284493948569187
delhi_ncr,2026-08-16,28.825,77.225,0.00021270003579457165,0.19868278636111786
delhi_ncr,2026-08-16,28.825,77.275,0.00019176712029344312,0.1811884953676904
delhi_ncr,2026-08-16,28.825,77.325,0.00017292217161242926,0.16144206137045272
delhi_ncr,2026-08-16,28.825,77.375,0.00013328740397568778,0.028870186287395152
delhi_ncr,2026-08-16,28.825,77.425,0.00013568156175489446,0.02049107169408548
delhi_ncr,2026-08-16,28.825,77.475,0.0001786221179519637,0.08940594897277689
delhi_ncr,2026-08-16,28.825,77.525,0.0002057603099555664,0.15061746485466251
delhi_ncr,2026-08-16,28.875,76.825,0.00019657570462290586,0.1458629142499206
delhi_ncr,2026-08-16,28.875,76.875,0.00020703413188154912,0.14587836110538518
delhi_ncr,2026-08-16,28.875,76.925,0.0001960019463295049,0.164450832783121
delhi_ncr,2026-08-16,28.875,76.975,0.00019927557691518964,0.17810263805544463
delhi_ncr,2026-08-16,28.875,77.025,0.0002015000024533571,0.19494654655231125
delhi_ncr,2026-08-16,28.875,77.075,0.00019853681707764014,0.20969764531474527
delhi_ncr,2026-08-16,28.875,77.125,0.00018082511035063192,0.19908050573925903
delhi_ncr,2026-08-16,28.875,77.175,0.0001790700849311334,0.2027470731300707
delhi_ncr,2026-08-16,28.875,77.225,0.00016136984196072482,0.198130958650399
delhi_ncr,2026-08-16,28.875,77.275,0.00014236301682978657,0.1983082110548973
delhi_ncr,2026-08-16,28.875,77.325,0.00012993336077531497,0.20018163763924848
delhi_ncr,2026-08-16,28.875,77.375,0.00015307143596792456,0.16693560306327768
delhi_ncr,2026-08-16,28.875,77.425,9.90135219670467e-05,0.1768913005720555
delhi_ncr,2026-08-16,28.875,77.475,0.00017152519466243128,0.13543928922371376
delhi_ncr,2026-08-16,28.875,77.525,0.0001945236046930163,0.10718678024095243
delhi_ncr,2026-08-16,28.875,77.55,0.0001485270308057234,0.13198817183792388
