region_id,station_id,station_name,date,aqi,hcho_value,cloud_fraction,match_distance_km
delhi_ncr,5586,"Sirifort, Delhi - CPCB",2025-10-15,252.2,0.0003467343873733,0.0018165403963454,2.87
delhi_ncr,5586,"Sirifort, Delhi - CPCB",2025-10-16,272.0,0.0004487704134922,0.0331143319358621,2.87
delhi_ncr,5586,"Sirifort, Delhi - CPCB",2025-10-17,302.5,0.0004625680098162,0.1539663787865121,2.87
delhi_ncr,5586,"Sirifort, Delhi - CPCB",2025-10-18,317.1,0.0003245276989385,0.2488584966206988,2.87
delhi_ncr,5586,"Sirifort, Delhi - CPCB",2025-10-19,340.1,0.0004508056513368,0.2289164616729491,2.87
delhi_ncr,5586,"Sirifort, Delhi - CPCB",2025-10-20,348.6,0.0003539489541795,0.2559883045222993,2.87
delhi_ncr,5586,"Sirifort, Delhi - CPCB",2025-10-21,315.6,0.0002725315145859,0.2913092081199947,2.87
delhi_ncr,5586,"Sirifort, Delhi - CPCB",2025-10-23,309.4,0.0004469900083781,0.2519283563404621,2.87
delhi_ncr,5586,"Sirifort, Delhi - CPCB",2025-10-24,296.6,0.0003391623504041,0.1461086509725737,2.87
delhi_ncr,5586,"Sirifort, Delhi - CPCB",2025-10-25,317.9,0.0005490955617681,0.1644160069503554,2.87
delhi_ncr,5586,"Sirifort, Delhi - CPCB",2025-10-26,349.3,0.0004833916134872,0.0088150687452117,2.87
delhi_ncr,5586,"Sirifort, Delhi - CPCB",2025-10-31,296.6,0.0003040829583796,0.2640321786745814,2.87
delhi_ncr,5586,"Sirifort, Delhi - CPCB",2025-11-02,360.9,0.0002598304334041,0.1740595414245651,2.87
delhi_ncr,5586,"Sirifort, Delhi - CPCB",2025-11-03,311.0,0.0002212884858934,0.227953832214455,2.87
delhi_ncr,5586,"Sirifort, Delhi - CPCB",2025-11-04,296.6,0.0001215542864225,0.0754080118753051,2.87
delhi_ncr,5586,"Sirifort, Delhi - CPCB",2025-11-05,302.5,0.0003444583111195,0.0379370628818763,2.87
delhi_ncr,5586,"Sirifort, Delhi - CPCB",2025-11-06,385.4,0.0003789960276945,0.0,2.87
delhi_ncr,5586,"Sirifort, Delhi - CPCB",2025-11-07,370.8,9.420529606880476e-05,0.0745448601392708,2.87
delhi_ncr,5586,"Sirifort, Delhi - CPCB",2025-11-08,394.6,0.0004570129665193,0.261553173476667,2.87
delhi_ncr,5586,"Sirifort, Delhi - CPCB",2025-11-09,372.4,0.0003998572428651,0.14425311390574,2.87
delhi_ncr,5586,"Sirifort, Delhi - CPCB",2025-11-10,432.5,0.0005101212599687,0.1479580576229269,2.87
delhi_ncr,5586,"Sirifort, Delhi - CPCB",2025-11-11,454.9,0.0002378034242829,0.1253447328803954,2.87
delhi_ncr,5586,"Sirifort, Delhi - CPCB",2025-11-12,493.7,0.0004939018884886,0.1303964331107174,2.87
delhi_ncr,5586,"Sirifort, Delhi - CPCB",2025-11-13,447.0,0.0002215075435619,0.2918317434781374,2.87
delhi_ncr,5586,"Sirifort, Delhi - CPCB",2025-11-14,385.4,0.000418949594866,0.2092390568074356,2.87
delhi_ncr,5586,"Sirifort, Delhi - CPCB",2025-11-15,398.7,0.0004003316169436,0.1115246545951053,2.87
delhi_ncr,5613,"ITO, New Delhi - CPCB",2025-10-15,245.4,0.000494716921297,0.0004611801353083,2.5
delhi_ncr,5613,"ITO, New Delhi - CPCB",2025-10-16,231.7,0.0004697213226059,0.0354726816184753,2.5
delhi_ncr,5613,"ITO, New Delhi - CPCB",2025-10-17,276.1,0.0003905827936786,0.1583759101119956,2.5
delhi_ncr,5613,"ITO, New Delhi - CPCB",2025-10-18,308.7,0.0003741146689197,0.2640808404838788,2.5
delhi_ncr,5613,"ITO, New Delhi - CPCB",2025-10-19,333.2,0.0004580799378134,0.220553722119948,2.5
delhi_ncr,5613,"ITO, New Delhi - CPCB",2025-10-20,382.3,0.0005172797705501,0.2243778401144969,2.5
delhi_ncr,5613,"ITO, New Delhi - CPCB",2025-10-21,476.2,0.0002725315145859,0.2913092081199947,2.5
delhi_ncr,5613,"ITO, New Delhi - CPCB",2025-10-23,325.6,0.0004143754661688,0.2510273065793727,2.5
delhi_ncr,5613,"ITO, New Delhi - CPCB",2025-10-24,286.3,0.0003477857135843,0.1433621859497042,2.5
delhi_ncr,5613,"ITO, New Delhi - CPCB",2025-10-25,318.7,0.000631270987017,0.170519428223961,2.5
delhi_ncr,5613,"ITO, New Delhi - CPCB",2025-10-26,341.7,0.0005054918318546,0.0523305954529479,2.5
delhi_ncr,5613,"ITO, New Delhi - CPCB",2025-10-31,255.6,0.0004529138841136,0.2512347510448733,2.5
delhi_ncr,5613,"ITO, New Delhi - CPCB",2025-11-01,312.5,0.0005961792316531,0.2502989394045742,2.5
delhi_ncr,5613,"ITO, New Delhi - CPCB",2025-11-02,203.7,0.0003107197595744,0.1807377373747086,2.5
delhi_ncr,5613,"ITO, New Delhi - CPCB",2025-11-03,282.9,0.000256233884961,0.2341674005302692,2.5
delhi_ncr,5613,"ITO, New Delhi - CPCB",2025-11-04,289.8,0.0002741238562654,0.0755888061974054,2.5
delhi_ncr,5613,"ITO, New Delhi - CPCB",2025-11-05,310.2,0.0003855231068941,0.0769664249777952,2.5
delhi_ncr,5613,"ITO, New Delhi - CPCB",2025-11-06,360.9,0.0002756905671241,0.0,2.5
delhi_ncr,5613,"ITO, New Delhi - CPCB",2025-11-07,414.8,0.0003374625148461,0.0717718983064789,2.5
delhi_ncr,5613,"ITO, New Delhi - CPCB",2025-11-08,447.0,0.0003655932704266,0.253335017097482,2.5
delhi_ncr,5613,"ITO, New Delhi - CPCB",2025-11-09,411.7,0.0001878278338199,0.1274533900415541,2.5
delhi_ncr,5613,"ITO, New Delhi - CPCB",2025-11-10,456.3,0.0003297151333765,0.1397492773841337,2.5
delhi_ncr,5613,"ITO, New Delhi - CPCB",2025-11-11,474.7,0.0003189166661439,0.1195640126792275,2.5
delhi_ncr,5613,"ITO, New Delhi - CPCB",2025-11-12,500.8,0.0004228151847976,0.1341933804768342,2.5
delhi_ncr,5613,"ITO, New Delhi - CPCB",2025-11-13,464.7,0.0004124879209337,0.267540011072345,2.5
delhi_ncr,5613,"ITO, New Delhi - CPCB",2025-11-14,409.4,0.0003980073590462,0.2090913627493763,2.5
delhi_ncr,5613,"ITO, New Delhi - CPCB",2025-11-15,423.3,0.0002944506153297,0.1155243872076022,2.5
delhi_ncr,5622,"NSIT Dwarka, Delhi - CPCB",2025-10-15,143.5,0.0002730560499872,0.0,1.92
delhi_ncr,5622,"NSIT Dwarka, Delhi - CPCB",2025-10-16,113.3,0.000333419145401,0.0011032713400544,1.92
delhi_ncr,5622,"NSIT Dwarka, Delhi - CPCB",2025-10-17,296.6,0.0002601462630596,0.1297737493134175,1.92
delhi_ncr,5622,"NSIT Dwarka, Delhi - CPCB",2025-10-18,168.6,0.0003345427856297,0.2436189714117423,1.92
delhi_ncr,5622,"NSIT Dwarka, Delhi - CPCB",2025-10-19,278.0,0.0003656506545491,0.1820071542927239,1.92
delhi_ncr,5622,"NSIT Dwarka, Delhi - CPCB",2025-10-20,481.2,0.0006374554549549,0.2056507687973401,4.51
delhi_ncr,5622,"NSIT Dwarka, Delhi - CPCB",2025-10-21,373.9,0.0002400254200983,0.2952305516130167,1.92
delhi_ncr,5622,"NSIT Dwarka, Delhi - CPCB",2025-10-22,328.6,0.0001816219579034,0.275978962514767,1.92
delhi_ncr,5622,"NSIT Dwarka, Delhi - CPCB",2025-10-23,277.6,0.0002587192429104,0.2337802662096439,1.92
delhi_ncr,5622,"NSIT Dwarka, Delhi - CPCB",2025-10-24,242.0,0.000131023844836,0.1171846953199691,1.92
delhi_ncr,5622,"NSIT Dwarka, Delhi - CPCB",2025-10-25,279.5,0.000524252624447,0.1334363225993133,1.92
delhi_ncr,5622,"NSIT Dwarka, Delhi - CPCB",2025-10-26,317.1,0.0003859833607127,0.0269655773325788,1.92
delhi_ncr,5622,"NSIT Dwarka, Delhi - CPCB",2025-10-31,205.8,0.0002775275719384,0.2758695546997315,1.92
delhi_ncr,5622,"NSIT Dwarka, Delhi - CPCB",2025-11-01,324.8,0.0005380818649783,0.2996494166801267,4.51
delhi_ncr,5622,"NSIT Dwarka, Delhi - CPCB",2025-11-02,300.0,0.0002697644781667,0.2037490535192933,1.92
delhi_ncr,5622,"NSIT Dwarka, Delhi - CPCB",2025-11-03,313.3,0.0001857405157342,0.2019860084535441,1.92
delhi_ncr,5622,"NSIT Dwarka, Delhi - CPCB",2025-11-04,308.7,0.000358760092257,0.0928636666765598,1.92
delhi_ncr,5622,"NSIT Dwarka, Delhi - CPCB",2025-11-05,296.6,0.0003636412209369,0.0028032773185054,1.92
delhi_ncr,5622,"NSIT Dwarka, Delhi - CPCB",2025-11-06,313.3,0.0002578418982253,0.0,1.92
delhi_ncr,5622,"NSIT Dwarka, Delhi - CPCB",2025-11-07,248.0,0.0002989574527184,0.0594977529742217,1.92
delhi_ncr,5622,"NSIT Dwarka, Delhi - CPCB",2025-11-08,205.4,0.0003877598205048,0.242182975307056,1.92
delhi_ncr,5622,"NSIT Dwarka, Delhi - CPCB",2025-11-09,208.9,0.0003424735014656,0.1351335206581237,1.92
delhi_ncr,5622,"NSIT Dwarka, Delhi - CPCB",2025-11-10,265.9,0.0003990591860137,0.2069626676892543,1.92
delhi_ncr,5622,"NSIT Dwarka, Delhi - CPCB",2025-11-11,252.2,0.0003797761869293,0.1087736688068342,1.92
delhi_ncr,5622,"NSIT Dwarka, Delhi - CPCB",2025-11-12,259.0,0.0002090495501269,0.1585208637168088,1.92
delhi_ncr,5622,"NSIT Dwarka, Delhi - CPCB",2025-11-13,311.7,0.000241906061757,0.2882126676694299,1.92
delhi_ncr,5622,"NSIT Dwarka, Delhi - CPCB",2025-11-14,444.9,0.0003294083122592,0.2158294428859057,1.92
delhi_ncr,5622,"NSIT Dwarka, Delhi - CPCB",2025-11-15,235.1,0.0003230447344425,0.127626996873537,1.92
delhi_ncr,6932,"Alipur, Delhi - DPCC",2025-10-15,269.3,0.0002378961886832,0.0,2.4
delhi_ncr,6932,"Alipur, Delhi - DPCC",2025-10-16,319.4,0.0003586589348052,0.0,2.4
delhi_ncr,6932,"Alipur, Delhi - DPCC",2025-10-17,279.5,0.0006058441227499,0.1361064598522198,2.4
delhi_ncr,6932,"Alipur, Delhi - DPCC",2025-10-18,272.7,0.0004315748705996,0.2249324769350628,2.4
delhi_ncr,6932,"Alipur, Delhi - DPCC",2025-10-19,317.9,0.0004485394695404,0.1560222115558851,2.4
delhi_ncr,6932,"Alipur, Delhi - DPCC",2025-10-20,341.7,0.0004744937653991,0.1421423262230682,2.4
delhi_ncr,6932,"Alipur, Delhi - DPCC",2025-10-23,307.9,0.0002947389646752,0.2313733388384857,2.4
delhi_ncr,6932,"Alipur, Delhi - DPCC",2025-10-24,300.0,0.0005498021202516,0.1145097732267136,2.4
delhi_ncr,6932,"Alipur, Delhi - DPCC",2025-10-25,328.6,0.0003882770501898,0.1120211679282826,2.4
delhi_ncr,6932,"Alipur, Delhi - DPCC",2025-10-26,360.1,0.000303982869308,0.0,2.4
delhi_ncr,6932,"Alipur, Delhi - DPCC",2025-10-31,235.1,0.0002980961711427,0.2845332577704777,2.4
delhi_ncr,6932,"Alipur, Delhi - DPCC",2025-11-02,368.5,0.0003168349644148,0.1591914332038289,2.4
delhi_ncr,6932,"Alipur, Delhi - DPCC",2025-11-03,461.2,0.0002770127730156,0.2476552422929903,2.4
delhi_ncr,6932,"Alipur, Delhi - DPCC",2025-11-04,262.4,0.0002953441333451,0.0720882692740057,2.4
delhi_ncr,6932,"Alipur, Delhi - DPCC",2025-11-05,279.5,0.0001560946816475,0.0332159989067282,2.4
delhi_ncr,6932,"Alipur, Delhi - DPCC",2025-11-06,363.9,0.0003084442740873,0.0,2.4
delhi_ncr,6932,"Alipur, Delhi - DPCC",2025-11-07,414.8,0.0004133545804477,0.0,2.4
delhi_ncr,6932,"Alipur, Delhi - DPCC",2025-11-08,502.5,0.0003049414714089,0.2593862523103673,2.4
delhi_ncr,6932,"Alipur, Delhi - DPCC",2025-11-09,391.6,0.0001041768038032,0.0842107502846446,2.4
delhi_ncr,6932,"Alipur, Delhi - DPCC",2025-11-10,580.2,0.0001834469488993,0.0987873540852367,2.4
delhi_ncr,6932,"Alipur, Delhi - DPCC",2025-11-11,570.2,0.0004119134684925,0.0527228158679866,2.4
delhi_ncr,6932,"Alipur, Delhi - DPCC",2025-11-12,589.0,0.0003698434012357,0.0993565042530441,2.4
delhi_ncr,6932,"Alipur, Delhi - DPCC",2025-11-13,525.1,0.0004859901066737,0.2109174239168699,2.4
delhi_ncr,6932,"Alipur, Delhi - DPCC",2025-11-14,397.5,0.000324915540243,0.1454421452395991,2.4
delhi_ncr,6932,"Alipur, Delhi - DPCC",2025-11-15,458.6,0.0003357370545,0.0544188045416093,2.4
kanpur_industrial,5662,"Nehru Nagar, Kanpur - UPPCB",2025-10-15,181.9,0.000276733008169,0.0,0.56
kanpur_industrial,5662,"Nehru Nagar, Kanpur - UPPCB",2025-10-16,157.0,0.0002325851825968,0.0,0.56
kanpur_industrial,5662,"Nehru Nagar, Kanpur - UPPCB",2025-10-17,255.6,0.0004238639693145,0.0020245744746659,0.56
kanpur_industrial,5662,"Nehru Nagar, Kanpur - UPPCB",2025-10-18,317.1,0.0004045034549419,0.237488617152821,0.56
kanpur_industrial,5662,"Nehru Nagar, Kanpur - UPPCB",2025-10-19,304.8,0.000408813511809,0.2120177499279849,0.56
kanpur_industrial,5662,"Nehru Nagar, Kanpur - UPPCB",2025-10-20,310.2,0.0002065333446688,0.167158765891742,0.56
kanpur_industrial,5662,"Nehru Nagar, Kanpur - UPPCB",2025-10-24,123.9,0.0002651638318463,0.2300420457010618,0.56
kanpur_industrial,5662,"Nehru Nagar, Kanpur - UPPCB",2025-10-25,92.6,0.0001957034829709,0.1487691059767093,0.56
kanpur_industrial,5662,"Nehru Nagar, Kanpur - UPPCB",2025-10-26,83.3,0.0002316368524798,0.2534192655431325,0.56
kanpur_industrial,5662,"Nehru Nagar, Kanpur - UPPCB",2025-10-29,75.8,7.352938848592283e-05,0.2987023353956425,0.56
kanpur_industrial,5662,"Nehru Nagar, Kanpur - UPPCB",2025-11-01,81.8,0.0002880925116502,0.1718445404498676,0.56
kanpur_industrial,5662,"Nehru Nagar, Kanpur - UPPCB",2025-11-02,83.6,0.0002427622462242,0.2900337101995349,0.56
kanpur_industrial,5662,"Nehru Nagar, Kanpur - UPPCB",2025-11-03,116.0,0.0003147114894718,0.1464950014367866,0.56
kanpur_industrial,5662,"Nehru Nagar, Kanpur - UPPCB",2025-11-05,132.1,0.0002341552404016,0.0,0.56
kanpur_industrial,5662,"Nehru Nagar, Kanpur - UPPCB",2025-11-06,79.6,8.149827062413811e-05,0.0,0.56
kanpur_industrial,5662,"Nehru Nagar, Kanpur - UPPCB",2025-11-07,216.7,0.0003255426150643,0.0,0.56
kanpur_industrial,5662,"Nehru Nagar, Kanpur - UPPCB",2025-11-08,340.9,0.0003153980430049,0.1911851845617845,0.56
kanpur_industrial,5662,"Nehru Nagar, Kanpur - UPPCB",2025-11-09,312.5,0.0002090033386621,0.1804743113965118,0.56
kanpur_industrial,5662,"Nehru Nagar, Kanpur - UPPCB",2025-11-10,304.8,0.0002781509393481,0.0395459887372402,0.56
kanpur_industrial,5662,"Nehru Nagar, Kanpur - UPPCB",2025-11-11,289.8,0.0001748778971381,0.0189393488152006,0.56
kanpur_industrial,5662,"Nehru Nagar, Kanpur - UPPCB",2025-11-12,323.3,0.0003752339700529,0.0028776335681451,0.56
kanpur_industrial,5662,"Nehru Nagar, Kanpur - UPPCB",2025-11-13,216.0,0.0002216997180561,0.1052390606508209,0.56
kanpur_industrial,5662,"Nehru Nagar, Kanpur - UPPCB",2025-11-14,277.8,0.0001866072010023,0.1542717801166152,0.56
kanpur_industrial,5662,"Nehru Nagar, Kanpur - UPPCB",2025-11-15,196.9,0.0003396139528334,0.1255612635885335,0.56
kanpur_industrial,229252,"NSI Kalyanpur, Kanpur - UPPCB",2025-10-15,117.0,0.0002435174103616,0.0,2.97
kanpur_industrial,229252,"NSI Kalyanpur, Kanpur - UPPCB",2025-10-16,98.1,0.000165189518111,0.0,2.97
kanpur_industrial,229252,"NSI Kalyanpur, Kanpur - UPPCB",2025-10-17,172.0,0.0003242678249348,0.0058849976505144,2.97
kanpur_industrial,229252,"NSI Kalyanpur, Kanpur - UPPCB",2025-10-18,197.6,0.0002491149299047,0.2007194296768479,2.97
kanpur_industrial,229252,"NSI Kalyanpur, Kanpur - UPPCB",2025-10-19,177.1,0.000274662097357,0.1627555625325287,2.97
kanpur_industrial,229252,"NSI Kalyanpur, Kanpur - UPPCB",2025-10-20,327.1,0.0002629577205209,0.2262570964142841,2.97
kanpur_industrial,229252,"NSI Kalyanpur, Kanpur - UPPCB",2025-10-24,160.4,0.0002490956734567,0.2338594201730077,2.97
kanpur_industrial,229252,"NSI Kalyanpur, Kanpur - UPPCB",2025-10-25,126.2,0.0002017587320678,0.1644671046631058,2.97
kanpur_industrial,229252,"NSI Kalyanpur, Kanpur - UPPCB",2025-10-26,126.2,0.0001270326606429,0.1682991696962729,2.97
kanpur_industrial,229252,"NSI Kalyanpur, Kanpur - UPPCB",2025-11-01,101.7,0.0002268788714844,0.1922728506971812,2.97
kanpur_industrial,229252,"NSI Kalyanpur, Kanpur - UPPCB",2025-11-02,136.5,0.0002476643884316,0.2960962040812976,2.97
kanpur_industrial,229252,"NSI Kalyanpur, Kanpur - UPPCB",2025-11-03,164.8,0.0002630366877455,0.1495037330785918,2.97
kanpur_industrial,229252,"NSI Kalyanpur, Kanpur - UPPCB",2025-11-05,204.8,0.0003600255173225,0.0105475674765925,2.97
kanpur_industrial,229252,"NSI Kalyanpur, Kanpur - UPPCB",2025-11-06,155.6,0.0002098863778772,0.0,2.97
kanpur_industrial,229252,"NSI Kalyanpur, Kanpur - UPPCB",2025-11-07,277.6,0.0002656391812485,0.0,2.97
kanpur_industrial,229252,"NSI Kalyanpur, Kanpur - UPPCB",2025-11-08,282.9,0.0003492426719734,0.2141525521905428,2.97
kanpur_industrial,229252,"NSI Kalyanpur, Kanpur - UPPCB",2025-11-09,124.9,0.0003309107016374,0.1779513965747672,2.97
kanpur_industrial,229252,"NSI Kalyanpur, Kanpur - UPPCB",2025-11-10,150.5,0.0002814654094087,0.0546602293026124,2.97
kanpur_industrial,229252,"NSI Kalyanpur, Kanpur - UPPCB",2025-11-11,193.5,0.0001786448992675,0.0302760195979581,2.97
kanpur_industrial,229252,"NSI Kalyanpur, Kanpur - UPPCB",2025-11-12,164.5,0.0004477834464317,0.0566166183548017,2.97
kanpur_industrial,229252,"NSI Kalyanpur, Kanpur - UPPCB",2025-11-13,166.5,0.0003584459933461,0.1214821137482968,2.97
kanpur_industrial,229252,"NSI Kalyanpur, Kanpur - UPPCB",2025-11-14,153.9,6.47148797005264e-05,0.1573765751083328,2.97
kanpur_industrial,229252,"NSI Kalyanpur, Kanpur - UPPCB",2025-11-15,128.0,0.0002561636176468,0.1439192349674797,2.97
kanpur_industrial,234568,"FTI Kidwai Nagar, Kanpur - UPPCB",2025-10-15,129.6,0.0002716325707974,0.00045342755576,0.42
kanpur_industrial,234568,"FTI Kidwai Nagar, Kanpur - UPPCB",2025-10-16,130.9,0.0002859725791633,0.0,0.42
kanpur_industrial,234568,"FTI Kidwai Nagar, Kanpur - UPPCB",2025-10-17,159.4,0.0004025262108428,0.0133035207034854,0.42
kanpur_industrial,234568,"FTI Kidwai Nagar, Kanpur - UPPCB",2025-10-18,166.9,0.0003036920204891,0.2563318266786208,0.42
kanpur_industrial,234568,"FTI Kidwai Nagar, Kanpur - UPPCB",2025-10-19,154.3,0.0003405040505487,0.2216284348906947,0.42
kanpur_industrial,234568,"FTI Kidwai Nagar, Kanpur - UPPCB",2025-10-20,177.5,0.0001785685755938,0.1957418152709216,0.42
kanpur_industrial,234568,"FTI Kidwai Nagar, Kanpur - UPPCB",2025-10-24,154.9,0.0002603950294918,0.2309006867283308,0.42
kanpur_industrial,234568,"FTI Kidwai Nagar, Kanpur - UPPCB",2025-10-25,116.3,0.000249651233887,0.149598923574635,0.42
kanpur_industrial,234568,"FTI Kidwai Nagar, Kanpur - UPPCB",2025-10-29,74.5,7.352938713563745e-05,0.2987023299103066,0.42
kanpur_industrial,234568,"FTI Kidwai Nagar, Kanpur - UPPCB",2025-11-01,88.3,0.0002049531531208,0.2254874759916283,0.42
kanpur_industrial,234568,"FTI Kidwai Nagar, Kanpur - UPPCB",2025-11-02,205.8,0.0002778069141005,0.2636246059556169,0.42
kanpur_industrial,234568,"FTI Kidwai Nagar, Kanpur - UPPCB",2025-11-03,198.3,0.0002948744054756,0.1425815779697047,0.42
kanpur_industrial,234568,"FTI Kidwai Nagar, Kanpur - UPPCB",2025-11-04,128.2,0.0002570829538973,0.2175944009051465,4.79
kanpur_industrial,234568,"FTI Kidwai Nagar, Kanpur - UPPCB",2025-11-05,212.6,0.000299614983371,0.0080593968089883,0.42
kanpur_industrial,234568,"FTI Kidwai Nagar, Kanpur - UPPCB",2025-11-06,136.2,0.0001263035422828,0.0,0.42
kanpur_industrial,234568,"FTI Kidwai Nagar, Kanpur - UPPCB",2025-11-07,148.2,0.0003413899393326,0.0,0.42
kanpur_industrial,234568,"FTI Kidwai Nagar, Kanpur - UPPCB",2025-11-08,252.2,0.0004089367311088,0.2010278715975324,0.42
kanpur_industrial,234568,"FTI Kidwai Nagar, Kanpur - UPPCB",2025-11-09,124.9,0.0003303011612441,0.1809107180843891,0.42
kanpur_industrial,234568,"FTI Kidwai Nagar, Kanpur - UPPCB",2025-11-10,278.1,0.000316747425754,0.0481084950176035,0.42
kanpur_industrial,234568,"FTI Kidwai Nagar, Kanpur - UPPCB",2025-11-11,201.0,0.0002281314497431,0.0475491301341305,0.42
kanpur_industrial,234568,"FTI Kidwai Nagar, Kanpur - UPPCB",2025-11-12,137.5,0.0003409903182946,0.0054236910574255,0.42
kanpur_industrial,234568,"FTI Kidwai Nagar, Kanpur - UPPCB",2025-11-13,173.4,0.0002363650622876,0.1088429945556883,0.42
kanpur_industrial,234568,"FTI Kidwai Nagar, Kanpur - UPPCB",2025-11-14,152.5,0.0001172338856958,0.1558217418238629,0.42
kanpur_industrial,234568,"FTI Kidwai Nagar, Kanpur - UPPCB",2025-11-15,162.1,0.0003299798414268,0.1205605737592546,0.42
punjab_stubble_belt,5551,"Golden Temple, Amritsar - PPCB",2025-10-15,43.6,0.0002058467719206,0.0010229315155667,0.57
punjab_stubble_belt,5551,"Golden Temple, Amritsar - PPCB",2025-10-16,75.4,0.0002518232213925,0.0,0.57
punjab_stubble_belt,5551,"Golden Temple, Amritsar - PPCB",2025-10-17,113.9,0.0002632961308255,0.0203880610494642,0.57
punjab_stubble_belt,5551,"Golden Temple, Amritsar - PPCB",2025-10-18,66.2,0.0002238858662479,0.0692429801970418,0.57
punjab_stubble_belt,5551,"Golden Temple, Amritsar - PPCB",2025-10-19,255.0,0.0002046021385171,0.0,0.57
punjab_stubble_belt,5551,"Golden Temple, Amritsar - PPCB",2025-10-20,176.1,0.0003584725044353,0.0,0.57
punjab_stubble_belt,5551,"Golden Temple, Amritsar - PPCB",2025-10-21,330.9,0.0001975853536308,0.0073851456145744,0.57
punjab_stubble_belt,5551,"Golden Temple, Amritsar - PPCB",2025-10-22,235.1,0.0003493756668232,0.1107937597471711,0.57
punjab_stubble_belt,5551,"Golden Temple, Amritsar - PPCB",2025-10-23,191.1,0.0001384488366677,0.1828574227012151,0.57
punjab_stubble_belt,5551,"Golden Temple, Amritsar - PPCB",2025-10-24,104.3,0.000283376449277,0.0673581958851165,0.57
punjab_stubble_belt,5551,"Golden Temple, Amritsar - PPCB",2025-10-25,133.1,0.0004084894060064,0.0045199963068637,0.57
punjab_stubble_belt,5551,"Golden Temple, Amritsar - PPCB",2025-10-26,251.4,0.0001708668288616,0.0,0.57
punjab_stubble_belt,5551,"Golden Temple, Amritsar - PPCB",2025-10-27,211.9,0.0003012562289907,0.079815099542082,0.57
punjab_stubble_belt,5551,"Golden Temple, Amritsar - PPCB",2025-10-28,126.2,0.0003218234305136,0.2514204130796629,0.57
punjab_stubble_belt,5551,"Golden Temple, Amritsar - PPCB",2025-10-29,71.4,0.0001002095445144,0.1571799803071364,0.57
punjab_stubble_belt,5551,"Golden Temple, Amritsar - PPCB",2025-10-30,87.4,0.0002673749585657,0.0725053800877016,0.57
punjab_stubble_belt,5551,"Golden Temple, Amritsar - PPCB",2025-10-31,97.5,0.0003346838283203,0.0,0.57
punjab_stubble_belt,5551,"Golden Temple, Amritsar - PPCB",2025-11-01,93.4,0.0002389353386302,0.0769604526706158,0.57
punjab_stubble_belt,5551,"Golden Temple, Amritsar - PPCB",2025-11-02,144.4,0.0003810300622981,0.1701314695476921,0.57
punjab_stubble_belt,5551,"Golden Temple, Amritsar - PPCB",2025-11-03,110.6,0.000362542626599,0.2144774165486434,0.57
punjab_stubble_belt,5551,"Golden Temple, Amritsar - PPCB",2025-11-04,130.0,0.0002564880607929,0.1918654565648428,0.57
punjab_stubble_belt,5551,"Golden Temple, Amritsar - PPCB",2025-11-05,144.7,9.71739962987896e-05,0.0,0.57
punjab_stubble_belt,5551,"Golden Temple, Amritsar - PPCB",2025-11-06,142.6,0.0001044467037421,0.0,0.57
punjab_stubble_belt,5551,"Golden Temple, Amritsar - PPCB",2025-11-07,192.8,0.0001582581382379,0.0,0.57
punjab_stubble_belt,5551,"Golden Temple, Amritsar - PPCB",2025-11-08,156.0,0.000362041316604,0.1336850238066546,0.57
punjab_stubble_belt,5551,"Golden Temple, Amritsar - PPCB",2025-11-09,131.6,0.0002726418667297,0.0357359667859423,0.57
punjab_stubble_belt,5551,"Golden Temple, Amritsar - PPCB",2025-11-10,132.9,0.0004228670316591,0.0114713709771198,0.57
punjab_stubble_belt,5551,"Golden Temple, Amritsar - PPCB",2025-11-11,110.3,0.0002090689107514,0.0,0.57
punjab_stubble_belt,5551,"Golden Temple, Amritsar - PPCB",2025-11-12,154.6,0.0003713349839669,0.0,0.57
punjab_stubble_belt,5551,"Golden Temple, Amritsar - PPCB",2025-11-13,138.9,0.0002560290862759,0.1432212419290166,0.57
punjab_stubble_belt,5551,"Golden Temple, Amritsar - PPCB",2025-11-14,133.1,0.0003214432451056,0.1353991329941097,0.57
punjab_stubble_belt,5551,"Golden Temple, Amritsar - PPCB",2025-11-15,146.4,0.0004091361614714,0.0039817111700269,0.57
